Date, Open, High, Low, Close, Volume
11/28/25,45,45,43.5,43.9,115790
11/27/25,45.8,45.8,41.2,43.55,57144
11/26/25,45.75,45.8,43,45.2,57910
11/25/25,46,46,45.65,45.75,59204
11/24/25,46,46,45.5,45.75,62337
11/21/25,46,46,45.8,45.9,40536
11/20/25,46,47.5,45.85,46.05,595471
11/19/25,45.85,45.9,45.75,45.85,100450
11/18/25,45.9,45.95,45.85,45.9,151976
11/17/25,46,46,45,45.9,72409
11/14/25,46,46,45.5,45.75,156588
11/13/25,45.5,46.2,45.35,45.9,706874
11/12/2025,45.9,46,45.5,45.85,81277
11/11/2025,46,46,45.7,45.9,131038
11/10/2025,46,46,45.65,45.95,267657
11/07/2025,45.5,46,45.25,45.95,515817
11/06/2025,45.5,45.5,45,45.05,246654
11/05/2025,44.95,45.25,44.9,45.05,242576
11/04/2025,45,45,44.9,45,319469
11/03/2025,44,45,44,44.5,705477
10/31/25,43.9,44.5,43.8,43.9,4183247
10/30/25,43.9,43.95,43.7,43.8,580266
10/29/25,43.7,43.95,43.6,43.7,20899
10/28/25,43.9,44,43.65,43.75,98163
10/27/25,44,44.5,43.6,43.75,32871
10/24/25,43,44,43,43.75,77326
10/23/25,45,45,42.5,43.35,69607
10/22/25,42,43.5,41.95,42.3,266575
10/21/25,42,42,41.9,41.95,61914
10/16/25,42.4,42.5,41.6,42.1,90850
10/15/25,42.5,42.5,42,42.15,32120
10/14/25,42,42.5,41.5,42.25,18365
10/13/25,42.9,42.9,41.6,42.05,56848
10/09/2025,42.9,43,42.65,42.9,276286
10/08/2025,43,43,42.85,43,196927
10/07/2025,42.85,43,42.85,42.9,62154
10/06/2025,42.95,42.95,42.7,42.8,77760
10/03/2025,43,43,42.85,42.95,42623
10/02/2025,43,43,42.85,42.95,11180
10/01/2025,43.5,43.5,42.7,42.95,64740
09/30/25,42.95,43,42.9,43,112318
09/29/25,43,43,42.95,43,34687
09/26/25,43,43,42.9,42.95,22249
09/25/25,43,43,42.75,42.85,593611
09/24/25,43,43,42.25,42.8,48993
09/23/25,42.5,43.3,42,42.8,293519
09/22/25,43.2,43.2,42.5,42.9,80486
09/19/25,43.3,43.3,43,43,85067
09/18/25,43.25,43.45,43,43.25,136032
09/17/25,43.5,43.6,43.1,43.5,129307
09/16/25,43.7,43.75,43.1,43.55,66379
09/15/25,43.75,43.75,43,43.55,394760
09/12/2025,43.8,43.95,43.5,43.75,45822
09/11/2025,44.45,44.8,43.65,44.25,320663
09/10/2025,42.3,44.7,42.3,44,279209
09/09/2025,41.5,42.5,41,42.1,189264
09/08/2025,40.5,41.95,40.5,41.2,110949
09/05/2025,40.9,40.9,40,40.15,141473
09/04/2025,41,41,40,40.55,136536
09/03/2025,40,41.45,39.8,40,1401742
09/02/2025,39,40,39,39.95,1148358
09/01/2025,38.9,39.35,38.6,39.05,313044
08/29/25,38.5,39,38.4,38.65,103778
08/28/25,38.5,38.5,38.4,38.4,1106621
08/27/25,39,39,38.4,38.55,216108
08/26/25,39,39,38.5,38.7,20056
08/25/25,38.4,39,38.2,38.35,553187
08/22/25,38.45,38.5,38.1,38.2,45910
08/21/25,38.5,38.5,38.25,38.4,81144
08/20/25,38.2,38.6,38.2,38.45,38624
08/19/25,38.7,39,38.2,38.75,344052
08/18/25,38,39.35,38,38.7,612890
08/15/25,38,38,36.85,37.55,25803
08/14/25,38,38.45,37.5,38,77426
08/13/25,38.4,38.5,37,38.3,31646
08/12/2025,37.35,38.5,37.25,38.4,57642
08/11/2025,37.55,39,37.25,38.75,136139
08/08/2025,37.5,37.95,37.05,37.3,15333
08/07/2025,37,37.5,36.75,36.75,1030600
08/06/2025,36.75,37,36.7,36.75,3165500
08/05/2025,36.95,36.95,36.5,36.6,74000
08/04/2025,36.5,36.95,36.5,36.7,17500
08/01/2025,36.5,37,36.5,36.85,7100
07/31/25,37,37,36.5,36.65,176100
07/30/25,36.95,37,36.9,36.95,9200
07/29/25,37,37,36.9,36.9,24500
07/28/25,36.55,36.9,36.55,36.85,6800
07/25/25,36.5,37.4,36.5,36.9,51300
07/24/25,36.5,36.6,36.5,36.5,10900
07/23/25,36.2,37,36.05,36.15,113900
07/22/25,36.5,36.5,36.1,36.15,4100
07/21/25,36.5,36.5,36,36.15,3600
07/18/25,36.5,36.5,36,36.5,1020400
07/17/25,37,37,36.5,36.55,18500
07/16/25,37,37,36.5,36.7,4400
07/15/25,36.8,37,36.5,36.7,17100
07/14/25,37,37,36,36.8,10700
07/11/2025,36.7,36.7,36,36.15,37500
07/10/2025,37.15,37.15,36.6,36.8,39900
07/09/2025,37.8,37.8,36.8,37.15,45600
07/08/2025,37.4,38,37.4,37.6,29400
07/07/2025,37,38,37,37.7,86300
07/04/2025,38,38,37,37.4,36300
07/03/2025,36.95,37.5,36.5,37.3,370800
07/02/2025,36.5,36.95,36.35,36.75,47400
07/01/2025,36,36.5,36,36.25,66600
06/30/25,35.2,36.5,35.2,35.75,33700
06/27/25,35.5,36.5,35.1,35.55,70700
06/26/25,35,35.6,35,35,237600
06/25/25,34.65,35,34.3,34.7,10400
06/24/25,34.5,35,34.25,34.65,41700
06/23/25,34.3,34.75,34.1,34.4,186000
06/20/25,34.2,34.5,34.15,34.3,113200
06/19/25,34.2,34.2,34.05,34.15,70600
06/18/25,34.5,34.5,34.1,34.2,29800
06/17/25,34.25,34.5,34.1,34.2,56500
06/16/25,34,34.1,33.95,34.05,62300
06/13/25,34,34,34,34,82700
06/12/2025,34,34,33.75,33.9,434600
06/11/2025,34,34.25,33.5,34,802600
06/10/2025,34,34.5,33.95,34,203000
06/09/2025,34,34.95,33.95,34,247400
06/05/2025,34.5,34.5,33.9,33.95,60800
06/04/2025,34,34.45,34,34,1456600
06/03/2025,34,34,33.95,34,24500
05/30/25,34,34,33.9,34,187200
05/29/25,34,34,33.95,34,65600
05/28/25,34,34.25,33.9,34,80500
05/27/25,34.5,34.5,33.55,33.8,31900
05/26/25,34.5,34.5,33.5,34,28800
05/23/25,34,35,33.5,34.5,2630600
05/22/25,34,34.05,33.5,33.85,513900
05/21/25,33.2,34,33.2,33.5,362500
05/20/25,33.5,33.5,32,32.85,265700
05/19/25,31.9,33.45,31.9,32.55,25300
05/16/25,31.7,33.5,31.7,31.9,6000
05/15/25,31,33,31,31.7,26100
05/14/25,31.4,31.4,30.6,30.75,527700
05/13/25,31,31,30,30.15,264100
05/12/2025,30,30,29.7,30,116900
05/09/2025,30.1,30.5,29.8,30,78700
05/08/2025,31,31,30,30.05,44400
05/07/2025,31.1,31.1,30,30.3,56100
05/06/2025,31,31,30.3,30.6,5700
05/05/2025,31.4,31.4,30.05,30.55,29400
05/02/2025,29.9,31.4,29.9,30.3,11200
04/30/25,30.85,31.4,30,30.1,148400
04/29/25,31,31.5,30.85,31.1,39100
04/28/25,31,31,30,30.45,24200
04/25/25,30,31,30,30.25,178200
04/24/25,30,30,29.5,29.55,71200
04/23/25,30,30.5,29.55,30,153600
04/22/25,30,31,29.8,30,75700
04/17/25,31.5,31.6,29.5,29.95,84600
04/16/25,33,33,32,32.3,56400
04/15/25,32.75,33,32.7,32.75,93200
04/14/25,33,33,31,32.45,105700
04/11/2025,32.75,32.75,32,32.25,22900
04/10/2025,33,33,30.5,32.4,34500
04/09/2025,30.5,31,30,30.05,143000
04/08/2025,31.5,31.5,30,30.3,297500
04/07/2025,32,32,31.3,31.5,70600
04/04/2025,32,32,31.45,31.6,108700
04/03/2025,33,33,31,31.95,52800
04/02/2025,34,34,30,30.35,244400
04/01/2025,34,34,32.5,33.3,14600
03/28/25,34.2,34.2,32,32.35,165100
03/27/25,33.5,33.5,32,32.4,117600
03/26/25,34.5,34.5,31.5,33.15,178200
03/25/25,34.95,34.95,34.4,34.55,83400
03/24/25,34.95,35,34,34.6,15400
03/21/25,34.95,35,34.55,34.95,77800
03/20/25,34.8,34.95,34.5,34.6,34600
03/19/25,34.5,35,34.5,34.8,18700
03/18/25,35,35,34.5,34.85,6800
03/17/25,35,35.45,34.5,34.95,21600
03/14/25,35.8,35.9,35,35.05,24100
03/13/25,36.4,36.4,35,35.75,31000
03/12/2025,36,36,35.55,35.95,64800
03/11/2025,36.1,36.25,35.55,36,70900
03/10/2025,36.45,36.45,36,36.1,12200
03/07/2025,36.5,36.5,36,36.05,191900
03/06/2025,36.5,36.75,36,36,2167300
03/05/2025,36,36.8,36,36,2103200
03/04/2025,35.9,37,35.9,36,976400
03/03/2025,36.5,36.5,35.95,36,653000
02/28/25,35.8,36,35.6,35.95,119700
02/27/25,35.8,35.95,35.45,35.8,1087500
02/26/25,35.45,35.85,35.45,35.8,41300
02/25/25,35,35.95,35,35.45,16400
02/24/25,35.95,36,35,35.05,157400
02/21/25,35,35.9,35,35.35,7100
02/20/25,35.9,35.95,35,35.35,106700
02/19/25,35.9,35.95,35.15,35.65,19800
02/18/25,36,36,35.95,35.95,17800
02/17/25,36,36.5,35.95,36,132000
02/14/25,36.5,36.5,35.95,36.05,26200
02/13/25,36,36,35.7,35.95,149400
02/12/2025,35.8,36,35.6,35.95,126000
02/11/2025,35.95,35.95,35.5,35.65,5600
02/10/2025,35.25,36,35,35.6,48600
02/07/2025,35.25,36,35.25,35.5,539500
02/06/2025,35.5,35.5,35.25,35.25,989400
02/05/2025,35,35.5,34.6,35.3,39800
02/04/2025,35,35,33.8,34.6,26500
02/03/2025,34,35,34,35,801800
01/31/25,34.8,34.8,33.5,33.7,32700
01/30/25,35,35,34.5,34.8,40000
01/29/25,35.15,35.15,34.9,35,235900
01/28/25,35.4,35.4,34.9,35.15,14400
01/27/25,35,35.45,34.8,35.05,44000
01/24/25,35,35.3,34.8,34.9,334500
01/23/25,34.95,35,34.75,34.9,25200
01/22/25,33.05,34.95,33.05,34.7,10700
01/21/25,33.1,34,33,33.3,90600
01/20/25,33,33.1,32,32.6,131400
01/17/25,33.5,33.5,32,33.2,53400
01/16/25,33.7,33.9,33.5,33.6,38800
01/15/25,35.45,35.45,33.7,34,63200
01/14/25,35,35,33.7,34.4,54600
01/13/25,33.8,35,33.6,34.55,66100
01/10/2025,34.75,34.75,33.5,33.95,38700
01/09/2025,35,35.4,35,35.05,58000
01/08/2025,36.7,36.7,33,35.4,87200
01/07/2025,36.1,36.95,36,36.55,186200
01/06/2025,36.95,37,36,36.1,134300
01/03/2025,36,36.25,36,36.15,72400
01/02/2025,36.95,36.95,35.5,36,127900
12/31/24,36.5,36.5,36,36.25,59400
12/30/24,39,39,36,36.4,40800
12/27/24,35,36.1,35,35.85,63700
12/24/24,32.25,34.9,32.25,32.85,30100
12/23/24,31.9,32.5,31.9,32.1,34700
12/20/24,31.5,32.45,31,31.75,81100
12/19/24,31,32,30.7,31.95,303500
12/18/24,32,32,30,30.3,56300
12/17/24,30.5,30.5,29.5,30.1,174000
12/16/24,31,32,31,31.8,155900
12/13/24,31.5,32.25,31,31.9,121200
12/11/2024,30.7,31,30.7,30.95,221100
12/10/2024,30.85,30.95,30.3,30.7,37800
12/09/2024,30.5,31,30.5,30.85,49200
12/06/2024,30.8,30.9,30.55,30.75,90300
12/05/2024,30.3,30.6,30.3,30.5,239200
12/04/2024,30.5,30.5,30.4,30.5,132900
12/03/2024,30.5,30.5,30.1,30.5,64900
12/02/2024,30.5,30.5,30.1,30.45,308300
11/29/24,30.4,30.5,29.75,30.1,65900
11/28/24,30,30.85,29.75,30.05,71000
11/27/24,30,30.4,29.6,29.75,50200
11/26/24,30.1,30.5,29.5,30,67500
11/25/24,30,30.9,30,30.1,82600
11/22/24,29,30.95,28.65,29.85,865600
11/21/24,29,29,28.5,28.55,150100
11/20/24,28.5,30,28.5,28.8,227300
11/19/24,28,28.35,28,28.1,57900
11/18/24,28.2,28.25,28,28.1,204000
11/15/24,28.2,28.2,28,28.15,174800
11/14/24,28.5,28.5,28,28.3,117000
11/13/24,28.3,28.95,28.1,28.45,89700
11/12/2024,28.5,28.5,28.4,28.5,12700
11/11/2024,28,28.5,28,28.05,52600
11/08/2024,28,28.5,28,28,160900
11/07/2024,28.5,28.5,28.1,28.25,9100
11/06/2024,29,29,28,28.45,77400
11/05/2024,29,29,28.5,28.75,17800
11/04/2024,28,28.9,27.9,28,205100
10/31/24,29.8,29.9,27.9,28.1,202100
10/30/24,28.45,29.9,27.9,28.7,204300
10/29/24,27.9,30,27.9,28.45,212900
10/28/24,27.35,28,27,27.3,141700
10/25/24,27,27.7,26.8,27.45,115600
10/24/24,27.45,27.45,26.5,26.9,198200
10/23/24,25.8,27.5,25.8,26.7,95500
10/22/24,26.15,26.5,24.75,25.95,113800
10/18/24,29,29,26.2,27.45,121400
10/17/24,31.95,31.95,28.1,29.1,172600
10/16/24,25.65,32,25.65,29.4,832300
10/15/24,25.5,25.5,25,25.05,181100
10/14/24,24.5,26,24.5,25.65,108300
10/11/2024,24,24.8,23.8,24,150500
10/09/2024,23.95,24,23.6,24,308700
10/08/2024,23.55,23.9,23.45,23.55,23400
10/07/2024,23.5,23.55,23.4,23.55,14700
10/04/2024,23.4,23.5,23.4,23.45,37600
10/03/2024,23.1,23.5,23.1,23.4,39900
10/02/2024,23.1,23.6,23.1,23.5,87300
10/01/2024,23.5,23.6,23.05,23.55,56700
09/30/24,23.6,23.6,22.75,23.5,19800
09/27/24,23.8,23.8,23.55,23.6,14700
09/26/24,23.7,23.8,23.5,23.6,40700
09/25/24,23.95,23.95,23,23.7,47400
09/24/24,23.95,23.95,23.5,23.85,47500
09/23/24,24,24,23,23.9,43400
09/20/24,22.05,24,22.05,23.55,86300
09/19/24,22.5,23.95,22.5,22.9,23200
09/18/24,23.95,24,22.5,23.75,45200
09/17/24,22.5,23.6,22.5,23.5,275700
09/16/24,22.15,23,22.15,22.7,40600
09/13/24,22,23,22,22.15,176400
09/12/2024,22,22,21.85,21.95,308900
09/11/2024,21.9,22.05,21.85,21.9,228000
09/10/2024,22.5,22.5,21.9,22.05,400800
09/09/2024,21.95,22.5,21.95,22,100300
09/06/2024,22.5,22.5,21.95,22,335500
09/05/2024,22.1,22.5,21.8,22.1,175300
09/04/2024,22,22.5,21.7,21.9,194700
09/03/2024,21.5,22,21.5,21.95,75100
09/02/2024,22,22.8,21.5,22,49100
08/30/24,21.8,22.4,21.8,22.05,37200
08/29/24,21,23,21,22,55100
08/28/24,20.5,22,20.5,20.95,18700
08/27/24,25,25,22.55,22.6,5800
08/26/24,25.05,25.05,25.05,25.05,4500
08/23/24,27.8,27.8,27.8,27.8,4000
08/22/24,30.85,30.85,30.85,30.85,2600
08/21/24,20.6,35,20.55,34.25,4619200
08/20/24,20.65,20.65,20.55,20.6,15100
08/19/24,20.65,20.65,20.6,20.65,11400
08/16/24,20.4,20.7,20.4,20.6,7900
08/15/24,20.45,20.45,20.2,20.4,3100
08/14/24,20.55,20.55,20.3,20.5,8900
08/13/24,20.55,20.55,20.5,20.55,8300
08/12/2024,20,20.7,20,20.3,9700
08/09/2024,19.75,20.7,19.7,20.35,6500
08/08/2024,20.3,20.7,19.6,19.7,99700
08/07/2024,20,20,19.5,19.95,9800
08/06/2024,20.5,20.5,20,20.2,23600
08/05/2024,20.65,20.65,20,20.6,20600
08/02/2024,20.7,20.7,20.6,20.65,10500
08/01/2024,20.65,20.7,20.65,20.7,179100
07/31/24,20.6,20.7,20.6,20.65,35800
07/30/24,20.8,20.8,20.6,20.65,59600
07/29/24,20.7,20.8,20.55,20.75,12100
07/26/24,20.8,20.8,20.5,20.65,58900
07/25/24,20.55,21,20,20.5,39100
07/24/24,21.2,21.2,20.5,20.95,48100
07/23/24,21.1,21.5,21,21.05,21600
07/22/24,21,21.5,21,21.05,117700
07/19/24,21.55,21.6,21.5,21.5,12300
07/18/24,21.8,21.8,21.5,21.55,24100
07/17/24,21.7,21.7,21.6,21.65,21900
07/16/24,21.7,21.7,21.55,21.6,15300
07/15/24,21.6,22,21.5,21.65,3500
07/12/2024,21.7,21.8,21.5,21.7,11800
07/11/2024,21.5,21.7,21.5,21.65,14000
07/10/2024,21.5,21.7,21,21.65,49700
07/09/2024,21.5,21.7,21.5,21.55,8500
07/08/2024,21.65,21.7,21.2,21.55,46100
07/05/2024,21.6,21.7,21.55,21.65,21900
07/04/2024,21.7,21.7,21.5,21.65,25000
07/03/2024,21.6,21.65,21.55,21.6,74800
07/02/2024,21.7,21.7,21.6,21.65,13600
07/01/2024,21.6,21.65,21,21.6,17300
06/28/24,21.5,21.8,21.5,21.55,43800
06/27/24,21.6,21.6,21.55,21.6,14300
06/26/24,21.85,21.85,21.5,21.6,16900
06/25/24,21.6,21.7,21.6,21.65,41700
06/24/24,21.7,21.7,21.05,21.6,26400
06/21/24,21,21.5,21,21.45,51800
06/20/24,20.5,21.7,20.5,21.4,1625300
06/19/24,20.5,20.6,20.45,20.5,118300
06/18/24,20.9,20.9,20.5,20.55,54800
06/14/24,20.6,21,20.45,20.6,38000
06/13/24,20.5,21,20.5,20.55,243900
06/12/2024,21,21,20.5,20.7,39800
06/11/2024,20.5,21,20.3,20.6,54100
06/10/2024,21.95,21.95,20.05,20.45,74100
06/07/2024,22,22,21.45,21.5,1072500
06/06/2024,22.1,22.5,22,22.25,443100
06/05/2024,21.8,22,20.5,22,1638500
06/04/2024,20.5,21.45,20.4,20.7,314300
06/03/2024,20.4,20.5,20.15,20.4,116600
05/31/24,19.3,20.85,19.3,20.25,91600
05/30/24,19.25,19.3,19,19.25,137500
05/29/24,19,19.3,18.95,19,87300
05/28/24,18.8,19.4,18.75,18.9,45900
05/27/24,18.8,19.2,18.5,18.75,69400
05/24/24,18.3,18.8,18.2,18.55,64500
05/23/24,18,18.7,18,18.1,131400
05/22/24,18.3,18.3,17.95,18.05,23200
05/21/24,18.25,18.25,18,18.05,31600
05/20/24,18.2,18.2,18.1,18.15,25900
05/17/24,18.7,18.7,17.9,18.1,34700
05/16/24,18.3,18.3,18,18.2,10000
05/15/24,18,18,17.6,17.85,44800
05/14/24,17.95,18,17.7,17.9,46000
05/13/24,18,18,17.95,17.95,5700
05/09/2024,18,18,17.3,17.6,48700
05/08/2024,17.95,18,17.7,17.8,70200
05/07/2024,17.8,18,17.8,17.85,28700
05/06/2024,18,18.4,17.85,18.15,8800
05/03/2024,18.35,18.35,18,18,62100
05/02/2024,18.5,18.5,18.2,18.35,10200
04/30/24,18,18.45,18,18.35,4100
04/29/24,18.3,18.3,17.25,17.3,201300
04/26/24,18,18.5,17,17.25,166700
04/25/24,17.15,17.95,17.05,17.15,73100
04/24/24,17.35,17.45,17.05,17.15,87100
04/23/24,18,18,17.05,17.35,74300
04/22/24,19,19,17.5,17.6,24000
04/19/24,19.75,19.75,17.5,19.05,12200
04/18/24,21.85,21.85,21.5,21.7,224200
04/17/24,21.85,21.85,21.5,21.75,65200
04/16/24,21.95,21.95,21.75,21.8,636300
04/15/24,21.9,21.9,21.7,21.8,204400
04/12/2024,21.8,21.8,21.6,21.7,256300
04/11/2024,21.5,22,21.45,21.85,139600
04/09/2024,22,22,21.2,21.5,96400
04/08/2024,21.9,22,21.8,21.9,154500
04/05/2024,22,22,21.7,21.9,106300
04/04/2024,22.1,22.1,21.8,21.95,198900
04/03/2024,22.5,22.5,21.05,22,546300
04/02/2024,22.35,22.8,21.95,22.1,118300
03/28/24,22.85,22.85,21.9,22.05,288000
03/27/24,23,23,21,22.05,281000
03/26/24,22.45,22.7,22,22.3,439700
03/25/24,22.1,24.5,21,22.65,460200
03/22/24,20.5,21.5,20.45,20.85,444400
03/21/24,20.3,20.45,20,20.2,100100
03/20/24,20.2,20.45,19.9,20.05,106300
03/19/24,20.45,20.45,20,20.05,366400
03/18/24,20.5,20.85,20.3,20.4,23800
03/15/24,19.05,20.55,19,19.9,101800
03/14/24,18.9,19.25,18.9,19.05,43600
03/13/24,18.7,18.95,18.3,18.8,48000
03/12/2024,18.8,18.9,18.5,18.75,31400
03/11/2024,18.2,18.9,18.2,18.4,57200
03/08/2024,18.95,18.95,18,18.1,139500
03/07/2024,18.9,18.9,18.9,18.9,26700
03/06/2024,18.7,18.9,18,18.15,188000
03/05/2024,18.9,18.9,18.5,18.7,65400
03/04/2024,18.85,18.85,18.5,18.7,31500
03/01/2024,18.45,18.9,18.45,18.9,20300
02/29/24,18.9,18.9,18.5,18.55,149600
02/28/24,18.9,18.9,18.8,18.9,10000
02/27/24,18.4,18.95,18.4,18.7,11100
02/26/24,18.2,19,18.2,18.95,55300
02/23/24,18.9,18.9,18.3,18.85,2900
02/22/24,17.5,18.5,17.5,17.5,225700
02/21/24,17.5,17.5,17.45,17.5,175700
02/20/24,17.4,17.4,17.3,17.35,38400
02/19/24,17.45,17.45,17.3,17.35,63900
02/16/24,17.3,17.35,17.3,17.35,98200
02/15/24,17.4,17.4,17.3,17.35,8000
02/14/24,17.4,17.4,17.35,17.35,36300
02/13/24,17.4,17.4,17.4,17.4,4800
02/12/2024,17.4,17.4,17.35,17.4,33900
02/09/2024,17.45,17.45,17.4,17.4,216000
02/08/2024,17.45,17.5,17.45,17.45,32400
02/07/2024,17.5,17.5,17.45,17.5,250300
02/06/2024,17.5,17.6,17.45,17.5,98300
02/05/2024,17.5,17.5,17.45,17.5,8500
02/02/2024,17.5,17.5,17.5,17.5,55600
02/01/2024,17.5,17.5,17.4,17.5,19800
01/31/24,17.5,17.5,17.5,17.5,81600
01/30/24,17.5,17.5,17.45,17.5,14700
01/29/24,17.45,17.5,17.45,17.5,17900
01/26/24,17.5,17.5,17.4,17.5,336300
01/25/24,17.5,17.5,17.45,17.5,41400
01/24/24,17.5,17.5,17.35,17.5,142800
01/23/24,17.45,17.5,17.45,17.45,14800
01/22/24,17.5,17.5,17.45,17.5,63600
01/19/24,17.5,17.5,17.45,17.5,3500
01/18/24,17.5,17.5,17.45,17.5,72400
01/17/24,17.5,17.5,17.4,17.5,137400
01/16/24,17.5,17.5,17.45,17.5,31300
01/15/24,17.5,17.5,17.4,17.45,16500
01/12/2024,17.5,17.5,17.4,17.5,146600
01/11/2024,17.5,17.5,17.45,17.5,16100
01/10/2024,17.5,17.5,17.45,17.5,24900
01/09/2024,17.5,17.5,17.45,17.5,99300
01/08/2024,17.5,17.5,17.45,17.5,55700
01/05/2024,17.5,17.5,17.45,17.5,4800
01/04/2024,17.5,17.5,17.5,17.5,189800
01/03/2024,17.45,18,17.45,17.5,71200
01/02/2024,17.5,17.5,17.2,17.45,20800
12/29/23,17.5,17.5,17.5,17.5,28000
12/28/23,17.5,17.5,17.5,17.5,1800
12/27/23,17.9,18,17.5,17.5,35600
12/22/23,17.5,17.5,17.5,17.5,1200
12/21/23,17.5,17.5,17,17.15,22700
12/20/23,17.5,17.5,17.25,17.35,11000
12/19/23,17.5,17.5,17.3,17.35,25800
12/18/23,17.5,17.5,17.35,17.45,2800
12/15/23,17.5,17.5,17.4,17.5,8300
12/14/23,17.4,17.4,17.35,17.4,4400
12/13/23,17.5,17.5,17.4,17.45,107600
12/11/2023,17.5,17.5,17.4,17.5,15000
12/08/2023,17.5,17.5,17.5,17.5,210500
12/07/2023,17.35,17.5,17.35,17.45,2300
12/06/2023,17.35,17.35,17.1,17.2,7600
12/05/2023,17.45,17.45,17.4,17.45,6500
12/04/2023,17.35,17.35,17.35,17.35,7000
12/01/2023,17.45,17.45,17.15,17.35,15700
11/30/23,17.45,17.5,17.45,17.45,6000
11/29/23,17.5,17.5,17.5,17.5,4400
11/28/23,17.5,17.5,17.45,17.5,91400
11/27/23,17.5,17.5,17.45,17.5,56100
11/24/23,17.45,17.5,17.45,17.5,24100
11/23/23,17.5,17.5,17.45,17.5,53600
11/22/23,17.5,17.5,17.45,17.45,25600
11/21/23,17.5,17.5,17.05,17.1,18600
11/20/23,17.5,17.5,17.4,17.5,9600
11/17/23,17.05,17.5,17.05,17.5,27400
11/16/23,17.35,17.5,17,17.4,223700
11/15/23,17,17.5,17,17.4,59500
11/14/23,17.5,17.5,17,17.3,26900
11/10/2023,17.95,17.95,17.5,17.5,27300
11/09/2023,17,18,17,17.5,4800
11/08/2023,17.25,17.45,17.2,17.25,5600
11/07/2023,17.45,17.5,17.2,17.4,5400
11/06/2023,17.2,17.45,17,17.25,75300
11/03/2023,17,17.5,16.75,17.3,40500
11/02/2023,17,17,16.6,16.75,8300
11/01/2023,17.3,17.3,16.5,16.9,56200
10/31/23,17.5,17.5,17,17.05,68300
10/30/23,17.5,17.5,17.35,17.5,21900
10/27/23,17.5,17.5,17.15,17.3,15400
10/26/23,17.5,17.9,17.4,17.5,86700
10/25/23,17.6,17.6,17.3,17.5,52900
10/24/23,17.7,17.7,17.5,17.7,24800
10/23/23,17.95,17.95,17.75,17.9,400
10/19/23,17.5,18,17.3,17.7,2600
10/18/23,17.5,17.5,17.15,17.35,8200
10/17/23,17.5,17.5,17.5,17.5,7400
10/16/23,17.5,17.5,17.45,17.5,3000
10/13/23,17.95,17.95,17.3,17.55,36100
10/12/2023,17.9,17.95,17.65,17.9,11300
10/11/2023,17.9,17.9,17.9,17.9,2200
10/09/2023,17.95,17.95,17.3,17.65,9200
10/06/2023,17.9,17.95,17.9,17.95,4000
10/05/2023,18,18,17.1,17.9,33100
10/04/2023,17.9,17.9,17.85,17.9,4500
10/03/2023,17.9,17.9,17.5,17.85,11300
10/02/2023,17.65,17.65,17.6,17.65,9700
09/29/23,17.05,17.95,17,17.05,33400
09/28/23,17.6,17.6,17.4,17.55,13200
09/27/23,17.6,17.6,17.6,17.6,13100
09/26/23,18,18,17.45,17.6,60900
09/25/23,18,18,17.5,17.65,1425100
09/22/23,17.8,17.8,17.5,17.5,14600
09/21/23,18,18,17.8,17.8,39800
09/20/23,18,18.3,17.9,18.15,35700
09/19/23,18.05,18.1,18,18,458600
09/18/23,18,18,18,18,15400
09/15/23,18.15,18.15,18,18.05,7700
09/14/23,18,18.15,17,17.35,130800
09/13/23,17.95,18,17.9,17.95,186000
09/12/2023,18,18,17.9,17.9,600
09/11/2023,18,18,17.9,17.9,9600
09/08/2023,17.85,17.9,17.85,17.9,7500
09/07/2023,17.9,17.95,17.85,17.9,80600
09/06/2023,18,18,17.8,17.9,11300
09/05/2023,18.3,18.3,17.8,17.9,91100
09/04/2023,18.3,18.3,17.8,18,11100
09/01/2023,18.3,18.3,18,18.05,82200
08/31/23,18.3,18.3,18,18,20400
08/30/23,17.5,18.3,17.5,18.15,20200
08/29/23,18,18.3,18,18.25,82700
08/28/23,18.2,18.2,17.8,18,76900
08/25/23,18.3,18.3,18.2,18.2,13500
08/24/23,18,18.3,18,18.1,9200
08/23/23,18.2,18.3,18,18.15,7900
08/22/23,18.25,18.3,18.2,18.25,11400
08/21/23,18.3,18.3,18.2,18.3,4500
08/18/23,18.5,18.5,18.2,18.45,103000
08/17/23,18.55,18.8,18.5,18.5,81000
08/16/23,18.8,18.8,18.7,18.75,1400
08/15/23,18.9,18.95,18.55,18.95,26100
08/14/23,19,19,18.5,18.55,111700
08/11/2023,19,19,18.95,19,900
08/10/2023,19,19,18.5,18.7,91900
08/09/2023,19,19,18.5,18.65,92300
08/08/2023,18.95,19,18.95,18.95,2600
08/07/2023,19.75,19.75,18.95,19,66700
08/04/2023,19,19,18.95,19,67900
08/03/2023,18.95,19,18.95,18.95,21000
08/02/2023,18.9,19,18.9,19,70000
08/01/2023,18.9,19,18.9,18.95,27500
07/31/23,18.95,19,18.95,19,59700
07/28/23,18.95,18.95,18.65,18.65,12800
07/27/23,18.95,19,18.5,18.55,83500
07/26/23,19,19,18.7,18.85,10900
07/25/23,19,19,18.6,19,110400
07/24/23,18.85,19,18.85,18.9,3800
07/21/23,18.95,19,18.5,18.85,9000
07/20/23,18.7,18.7,18.35,18.35,162000
07/19/23,18.5,18.7,18.4,18.6,21500
07/18/23,18.45,18.7,18,18.45,183500
07/17/23,18.5,18.5,18.05,18.35,8000
07/14/23,18.5,18.5,18,18.1,118200
07/13/23,18.5,18.5,18.2,18.4,34000
07/12/2023,18.5,18.65,18.4,18.55,6300
07/11/2023,18.5,18.5,18.45,18.5,5900
07/10/2023,18.5,18.7,18.5,18.5,116000
07/07/2023,18.7,18.7,18.2,18.5,53200
07/06/2023,18.5,18.6,18.3,18.5,141300
07/05/2023,18.25,18.7,18,18.05,36900
07/04/2023,18,18.7,17.5,18.25,83700
07/03/2023,17.1,18,17,17.6,10700
06/30/23,17.45,17.5,17.1,17.1,229600
06/29/23,17,17.5,17,17.05,36100
06/27/23,17,17,16.9,17,273000
06/26/23,17,17,16.9,16.95,43000
06/23/23,17,17,16.9,16.95,14900
06/22/23,16.95,16.95,16.9,16.9,67900
06/21/23,17,17,16.9,16.95,80000
06/20/23,17,17,16.95,17,36300
06/19/23,16.9,17,16.9,17,16200
06/16/23,16.85,17,16.85,16.95,17500
06/15/23,16.95,16.95,16.8,16.85,77700
06/14/23,16.9,16.95,16.8,16.85,254500
06/13/23,16.9,16.95,16.8,16.85,53000
06/12/2023,16.95,16.95,16.9,16.95,49200
06/09/2023,17,17,16.8,16.95,354600
06/08/2023,17,17,16.95,16.95,483100
06/07/2023,16.95,17,16.9,17,41600
06/06/2023,16.95,17,16.85,16.95,90600
06/05/2023,16.95,16.95,16.85,16.95,73200
06/02/2023,16.95,16.95,16.7,16.85,12200
05/31/23,16.9,16.95,16.8,16.9,31400
05/30/23,16.9,16.9,16.8,16.9,14700
05/29/23,16.9,16.95,16.4,16.6,29500
05/26/23,16.8,16.95,15.8,15.85,42800
05/25/23,16.8,16.8,16,16.1,63300
05/24/23,16.5,16.95,16.3,16.7,6400
05/23/23,16,16.9,16,16.15,6400
05/22/23,17,17,16,16.3,64900
05/19/23,17,17,16.95,17,34000
05/18/23,17,17,16.9,16.95,114300
05/17/23,17,17,16.9,17,105000
05/16/23,17,17,16.9,17,44700
05/15/23,16.9,17,16.8,16.9,34600
05/12/2023,16.9,17,16.9,16.95,54700
05/11/2023,16.95,17,16.8,16.95,68500
05/10/2023,17.2,17.2,16.85,17,9600
05/09/2023,17,17.45,17,17,38300
05/08/2023,17.1,17.5,16.8,16.9,147300
05/05/2023,17,17.1,16.8,16.85,47400
05/04/2023,17.4,17.45,16.8,16.8,1011700
05/03/2023,17.65,17.65,17.3,17.4,54700
05/02/2023,17.75,17.9,17.3,17.5,37800
04/28/23,17.25,17.9,17.25,17.3,28900
04/27/23,17.5,18,17.3,17.65,142900
04/26/23,17.55,18,17.55,18,87100
04/25/23,18,18,17.25,17.6,25400
04/24/23,19.85,19.85,17.25,18.75,116000
04/20/23,20.35,20.5,20.2,20.25,426300
04/19/23,20.35,20.5,20.15,20.3,270100
04/18/23,20.7,20.7,20,20.45,253900
04/17/23,20.65,20.65,20.5,20.5,159200
04/14/23,20.3,20.6,20.3,20.55,31900
04/13/23,20.7,20.75,20.5,20.6,185300
04/12/2023,20.7,20.95,20.7,20.8,92900
04/11/2023,20.55,20.8,20,20.35,166000
04/06/2023,21,21,20.8,20.9,467900
04/05/2023,20.85,21,20.85,20.9,146000
04/04/2023,20.5,21,20.5,20.85,199100
04/03/2023,20.85,20.85,20.5,20.8,9900
03/31/23,21.1,21.1,20,20.85,266700
03/30/23,20.1,21.5,20.1,21,59900
03/29/23,19.9,21,19.05,19.8,458100
03/28/23,17.9,18.75,17.9,18.1,115300
03/27/23,17.9,17.9,17.85,17.9,26600
03/24/23,17.5,17.5,17,17.05,39300
03/23/23,17.05,17.65,17.05,17.05,9000
03/22/23,17.05,17.05,17,17.05,17500
03/21/23,17,17.15,17,17,14300
03/20/23,17.05,17.15,16.85,17,17100
03/17/23,17.55,17.55,17,17.05,346700
03/16/23,17.6,17.8,17.6,17.65,24300
03/15/23,17.85,17.9,17.6,17.65,6900
03/14/23,17.85,17.9,17.85,17.85,24700
03/13/23,18,18,17.85,17.9,74300
03/10/2023,18,18,18,18,27700
03/09/2023,18,18,17.7,17.9,14700
03/08/2023,18,18,17.8,18,122700
03/07/2023,18.2,18.5,18,18,61000
03/06/2023,17.8,18.2,17.8,18,4500
03/03/2023,18,18.2,18,18,105300
03/02/2023,18,18,18,18,181600
03/01/2023,18.05,18.5,18,18,864100
02/28/23,18.05,18.05,17.5,17.9,407900
02/27/23,18,18.05,18,18.05,500
02/24/23,18.2,18.2,17.8,18,13200
02/23/23,18.2,18.2,18,18.05,2000
02/22/23,17.95,18,17.2,17.75,16800
02/21/23,18,18,17.95,18,51500
02/20/23,18,18,18,18,5000
02/17/23,18,18,18,18,20900
02/16/23,18,18.5,18,18,13800
02/15/23,18,18.85,18,18.1,79900
02/14/23,17.25,18,17.25,17.35,31700
02/13/23,17.2,17.3,17.2,17.25,12100
02/10/2023,17.2,17.3,17.2,17.25,800
02/09/2023,17.2,17.3,17.1,17.2,1600
02/08/2023,17.1,17.2,17.1,17.2,67300
02/07/2023,17.05,17.2,17.05,17.05,294500
02/06/2023,17.2,17.25,17,17,103500
02/03/2023,17.1,17.2,17.1,17.15,1300
02/02/2023,17.05,17.3,17,17.1,2400
02/01/2023,17,17.3,17,17,43000
01/31/23,17,17.3,17,17,135100
01/30/23,17,17,16.9,17,241200
01/27/23,17,17,16.9,17,34200
01/26/23,17,17.25,17,17,214300
01/25/23,17,17,17,17,878900
01/24/23,17,17.1,17,17,24600
01/23/23,17,17.3,16.9,17,11700
01/20/23,17.1,17.3,16.95,17.1,40300
01/19/23,17.3,17.3,17,17,151100
01/18/23,17.3,17.3,17,17.1,9400
01/17/23,17.3,17.3,17,17.05,9100
01/16/23,17,17,17,17,11500
01/13/23,17,17,16.95,17,24000
01/12/2023,17,17,17,17,30500
01/11/2023,17.5,17.95,17,17,538500
01/10/2023,17,17,16.9,17,166500
01/09/2023,17.4,17.5,17,17.15,188400
01/06/2023,17.15,17.5,17.1,17.4,19100
01/05/2023,17.15,17.15,17.1,17.15,4200
01/04/2023,17,17.15,17,17.05,13000
01/03/2023,17.05,17.5,17,17.05,40600
12/30/22,17,17,17,17,21600
12/29/22,17,17.1,17,17,40600
12/28/22,17,17.15,16.95,17.1,3000
12/23/22,17,17.15,16.95,17,30800
12/22/22,17,17,17,17,549300
12/21/22,17.15,17.15,17,17,21600
12/20/22,17.15,17.15,17,17.1,16400
12/19/22,17.2,17.2,16.95,17,4800
12/16/22,16.8,17.2,16.8,17.1,6000
12/15/22,17,17,16.95,17,162600
12/14/22,16.75,17,16.7,16.85,20600
12/13/22,16.75,16.95,16.75,16.95,6800
12/09/2022,16.75,16.75,16.7,16.75,13500
12/08/2022,16.85,16.85,16.75,16.8,32700
12/07/2022,17,17,16.75,16.8,5900
12/06/2022,17,17,16.7,16.95,22600
12/05/2022,17,17,16.75,16.8,1300
12/02/2022,17,17,16.5,16.75,11900
12/01/2022,17,17,16.9,16.95,4100
11/30/22,17.05,17.05,16.9,17,7700
11/29/22,16.95,17,16.95,17,23800
11/28/22,16.95,17,16.95,16.95,5500
11/25/22,17,17,17,17,6800
11/24/22,17,17,17,17,1500
11/23/22,17,17,17,17,800
11/22/22,16.95,16.95,16.85,16.9,10200
11/21/22,16.5,17.5,16.5,16.95,8000
11/18/22,17,17.15,16.95,17,17500
11/17/22,17,17.15,17,17,7200
11/16/22,16.85,17,16.85,16.9,2200
11/15/22,16.7,17.05,16.7,16.85,2300
11/14/22,17.1,17.35,16.75,16.95,35500
11/11/2022,17.1,17.5,17.1,17.15,1100
11/10/2022,17.1,17.1,17.05,17.05,5200
11/09/2022,17.4,17.5,17.05,17.1,5100
11/08/2022,17,17.05,16.95,17,7600
11/07/2022,17.2,17.2,17,17,255200
11/04/2022,17,17.2,17,17,4600
11/03/2022,17,17,16.95,17,10600
11/02/2022,17,17,17,17,6500
11/01/2022,16.95,17,16.9,16.95,5400
10/31/22,16.95,17,16.95,17,300
10/28/22,16.8,16.95,16.5,16.7,66600
10/27/22,16.95,16.95,16.8,16.8,23300
10/26/22,16.95,16.95,16.8,16.85,18600
10/25/22,16.85,16.85,16.8,16.85,21200
10/24/22,16.85,17,16.85,16.85,8700
10/21/22,17,17,16.85,16.95,99200
10/19/22,17,17.25,16.95,17,117800
10/18/22,17.5,17.5,17,17,49700
10/17/22,17,17,17,17,1000
10/14/22,17,17.5,17,17,21400
10/13/22,17,17,17,17,5800
10/12/2022,16.9,17,16.9,16.9,7500
10/11/2022,17,17,16.85,16.85,18000
10/07/2022,16.9,16.9,16.85,16.9,29500
10/06/2022,16.9,17,16.9,16.9,117400
10/05/2022,17,17,16.75,16.9,56000
10/04/2022,17,17,16.9,16.95,5000
10/03/2022,17,17,16.95,17,265200
09/30/22,17.25,17.25,17,17,29800
09/29/22,17.5,17.5,17.25,17.25,22100
09/28/22,17.3,17.5,17,17.25,5300
09/27/22,17,18.4,16.9,17.3,965000
09/26/22,17,17,16.9,17,2900
09/23/22,17,17,16.9,16.9,317400
09/22/22,16.95,17,16.95,17,21000
09/21/22,17,17,17,17,401600
09/20/22,17,17,16.9,17,482100
09/19/22,17,17,16.95,16.95,43600
09/16/22,17,17,16.9,16.95,85600
09/15/22,17,17,16.95,16.95,38100
09/14/22,17,17.95,16.95,17,195600
09/12/2022,17,17,16.95,16.95,166700
09/09/2022,17,17,16.95,17,620000
09/08/2022,16.95,18,16.95,17.05,1553900
09/07/2022,17,17,16.95,17,214300
09/06/2022,17,17,16.95,17,552800
09/05/2022,17.2,17.2,16.95,17,248900
09/02/2022,17.05,17.05,16.95,17,87700
09/01/2022,16.95,17.05,16.95,17,519000
08/31/22,17,17,16.95,17,19700
08/30/22,17,17.2,16.95,17,13200
08/29/22,17,17.95,16.9,17,41600
08/26/22,17.95,17.95,16.9,17.15,30000
08/25/22,17.95,18,16.95,17.35,7000
08/24/22,17,17.6,17,17,9900
08/23/22,17,17.85,16.9,16.95,115400
08/22/22,16.95,17,16.95,17,48200
08/19/22,17,17,16.85,16.95,100600
08/18/22,16.95,17.25,16.95,17,267700
08/17/22,17,17,17,17,71400
08/16/22,17.5,18,16.95,17.05,165600
08/15/22,17,17,16.95,17,204100
08/12/2022,17,17,16.95,17,1068600
08/11/2022,17.5,17.5,16.95,17,1363400
08/10/2022,17,17,17,17,300000
08/08/2022,17.85,17.85,17,17,241900
08/05/2022,17,17.25,16.95,17,70300
08/04/2022,17,17.25,17,17,76200
08/03/2022,17.5,17.5,16.95,17,154700
08/02/2022,16.95,17.1,16.95,17,126000
08/01/2022,17.2,17.2,17,17,100100
07/29/22,17,17,16.95,17,166000
07/28/22,17.05,17.2,16.9,17,461200
07/27/22,17.4,17.4,16.9,17.05,80300
07/26/22,17,17,17,17,500000
07/25/22,18.7,18.7,17,17.45,19500
07/22/22,17.4,17.4,17,17.05,36500
07/21/22,17,17,16.95,17,104400
07/20/22,17.2,17.45,17,17,515100
07/19/22,17,17,16.95,17,28900
07/18/22,17.45,17.45,17,17,51200
07/15/22,17.5,17.5,17,17,32000
07/14/22,17,17.5,17,17,74600
07/13/22,17.7,18,16.95,17,360300
07/12/2022,17,17.5,17,17,73500
07/08/2022,17.45,17.45,16.95,17,93600
07/07/2022,17.25,17.25,17,17.1,69000
07/06/2022,17,17.05,17,17,68500
07/05/2022,17,17.1,17,17,46200
07/04/2022,17.25,17.25,17,17,43600
07/01/2022,17.05,17.25,17,17,16400
06/30/22,17.1,17.1,16.9,17,23300
06/29/22,17,17.1,17,17.05,19900
06/28/22,17,17.15,17,17,166000
06/27/22,17.2,17.2,17,17.15,20200
06/24/22,18,18,17,17,192300
06/23/22,17,17.95,17,17,17500
06/22/22,16.6,17,16.6,16.9,81900
06/21/22,16.55,16.8,16.55,16.65,8200
06/20/22,16.9,17,16.5,16.5,275500
06/17/22,16.95,16.95,16.6,16.7,3400
06/16/22,16.95,16.95,16.5,16.55,471200
06/15/22,17,17,16.6,16.75,190900
06/14/22,17,17,16.95,16.95,41900
06/13/22,17,17,16.95,17,15200
06/10/2022,17,17,16.95,17,13900
06/09/2022,17,17,16.65,16.9,85700
06/08/2022,17.05,17.05,17,17,330600
06/07/2022,17,17,16.95,17,765900
06/06/2022,17.2,18,16.9,17,125100
06/03/2022,17.5,17.5,16.9,17,470400
06/02/2022,17.95,18,17.95,17.95,1500
05/31/22,17,17.95,17,17.05,18800
05/30/22,18,18,16.9,17,51100
05/27/22,17.5,18,17,17.05,1155200
05/26/22,17.3,17.5,17.3,17.3,43100
05/25/22,16.9,17.3,16.9,16.9,61400
05/24/22,17.3,17.3,16.95,17.05,79400
05/23/22,17.5,17.5,17.4,17.5,7300
05/20/22,17.5,17.7,17.5,17.5,28800
05/19/22,17.8,17.8,17.7,17.7,6700
05/18/22,17.9,17.9,17.9,17.9,800
05/17/22,17.95,17.95,17.95,17.95,2700
05/16/22,17.95,17.95,17.95,17.95,1500
05/13/22,18,18,17.9,17.95,21600
05/12/2022,18,18,17.85,18,3700
05/11/2022,18,18.95,17.85,18.2,4100
05/10/2022,18,18,17.85,17.9,16700
05/09/2022,18,18,17.9,18,12800
05/06/2022,18,18,17.85,18,12000
05/05/2022,18,18,17.85,18,4600
05/04/2022,18.2,18.2,18,18.1,4900
04/28/22,19,19,18.1,18.2,13100
04/27/22,19,19,18.05,18.4,3300
04/26/22,19.5,19.5,18,18.45,360300
04/25/22,19.95,19.95,18.55,18.9,27100
04/22/22,20,20.5,19.95,20,16900
04/21/22,20.35,20.5,20.15,20.35,276200
04/20/22,20.45,20.45,20.3,20.3,51800
04/19/22,20.45,20.45,20.3,20.35,5000
04/14/22,20.45,20.5,20.15,20.4,29700
04/13/22,20.5,20.5,20.4,20.5,55400
04/12/2022,20.5,20.5,20.5,20.5,1400
04/11/2022,20.4,20.55,20.4,20.55,57200
04/08/2022,20.2,20.5,20.2,20.4,7600
04/07/2022,20.1,20.55,20.1,20.3,21600
04/06/2022,20.6,20.6,20.15,20.15,63200
04/05/2022,20.75,20.75,20.1,20.25,16900
04/04/2022,20.8,21,20.1,20.75,15100
04/01/2022,20.8,20.8,20.25,20.5,26000
03/31/22,20.5,21,20.5,20.9,5100
03/30/22,20,21,20,20,303300
03/29/22,20.9,20.9,19.8,20.25,173200
03/28/22,21,21,20.6,20.95,18600
03/25/22,21.5,21.5,20.8,21.2,44500
03/24/22,21.45,21.5,21.45,21.45,6800
03/23/22,20.7,21,20.55,21,168300
03/22/22,20.9,21,20.9,20.95,10600
03/21/22,21,21,20.4,20.55,17700
03/18/22,20.8,20.8,20.65,20.7,92500
03/17/22,21,21,20.8,20.95,28200
03/16/22,21.85,21.85,20.8,20.9,4100
03/15/22,20.65,21,20.65,21,175900
03/14/22,21,21,20.65,20.8,8300
03/11/2022,20.8,20.8,20.8,20.8,4800
03/10/2022,20.75,20.8,20.75,20.8,3500
03/09/2022,21,21,20.5,20.5,126500
03/08/2022,21.3,21.3,20.8,20.95,5800
03/07/2022,21.25,21.3,20.3,20.75,38200
03/04/2022,21.2,21.25,21,21.1,22100
03/03/2022,22,22,21.15,21.3,1600
03/02/2022,21.5,21.5,21,21.15,19100
03/01/2022,21.5,21.5,21,21.5,12700
02/28/22,21,21.5,20.05,20.9,17000
02/25/22,21.5,21.5,21,21.3,34300
02/24/22,21.1,21.5,21.1,21.45,31300
02/23/22,21.5,21.5,21.5,21.5,3600
02/22/22,21.1,21.5,20.5,20.6,142700
02/21/22,21.5,21.5,21,21.35,2500
02/18/22,21.5,21.5,21.5,21.5,20200
02/17/22,21,21,20.5,20.55,325000
02/16/22,21.45,21.45,21,21.1,45100
02/15/22,21.15,21.5,21,21.05,35700
02/14/22,21.5,21.5,21.15,21.45,12600
02/11/2022,21.5,21.5,21.3,21.45,21900
02/10/2022,21.45,21.45,21.4,21.45,6800
02/09/2022,21.5,21.5,21.1,21.45,22800
02/08/2022,21.5,21.5,21.4,21.5,12100
02/07/2022,21.5,21.5,21.3,21.45,7800
02/04/2022,21.25,21.5,20.9,21.05,7500
02/03/2022,21,21,20.5,20.6,127600
02/02/2022,21,21,20.8,20.85,45600
02/01/2022,21,21.25,20.75,20.95,165400
01/31/22,20.85,21,20.85,21,2400
01/28/22,21.2,21.5,20.8,21,39300
01/27/22,20.9,21.2,20.9,21.05,3700
01/26/22,21,21.2,21,21,22000
01/25/22,21.2,21.2,20.9,21,30100
01/24/22,21.3,21.3,21.15,21.25,4000
01/21/22,21.3,21.3,21.15,21.3,19400
01/20/22,21.5,21.5,21.2,21.4,15500
01/19/22,21.3,21.3,21.2,21.3,4200
01/18/22,21.2,21.3,21,21.1,60300
01/17/22,21.3,21.3,21,21.3,21600
01/14/22,21.45,21.45,21,21.05,226100
01/13/22,21.4,21.4,20.5,21,62300
01/12/2022,21.5,21.5,21.4,21.5,38100
01/11/2022,21.4,21.5,21.4,21.5,36500
01/10/2022,21.45,21.45,21.35,21.4,15800
01/07/2022,21.45,21.45,21.35,21.4,4100
01/06/2022,21.5,21.5,21.35,21.45,20500
01/05/2022,21.45,21.5,21.35,21.45,85100
01/04/2022,21.5,21.5,21.35,21.45,34400
01/03/2022,21.1,21.5,21.1,21.4,39400
12/31/21,21.1,21.1,21.05,21.1,1000
12/30/21,21.5,21.5,21.05,21.4,8600
12/29/21,21.3,21.5,21.3,21.4,4900
12/28/21,21.5,21.5,21.2,21.5,4700
12/24/21,21.45,21.5,21.45,21.5,28900
12/23/21,21.1,21.5,21,21.25,6800
12/22/21,21.5,21.5,21,21.25,7400
12/21/21,20.95,21.45,20.95,21.15,15800
12/20/21,20.95,20.95,20.9,20.95,28600
12/17/21,20.35,20.9,20.35,20.8,3200
12/16/21,20.7,20.7,20.25,20.35,46700
12/15/21,20.95,20.95,20.5,20.65,86700
12/14/21,20.95,20.95,20.8,20.95,10200
12/10/2021,20.8,20.95,20.8,20.95,2300
12/09/2021,21,21,20.8,20.95,546800
12/08/2021,21,21,20.9,21,63400
12/07/2021,21,21,21,21,125700
12/06/2021,21,21.45,21,21.1,8400
12/03/2021,21,21,20.55,20.6,135300
12/02/2021,20.75,21,20.7,20.75,28700
12/01/2021,21.3,21.5,20.8,20.9,46400
11/30/21,21,21.1,20.6,20.8,17300
11/29/21,21,21,20.9,21,23800
11/26/21,21,21,20.85,20.9,25700
11/25/21,21.5,21.5,21,21.15,102900
11/24/21,21.15,21.25,21.15,21.15,2500
11/23/21,21,21.6,21,21.25,19200
11/22/21,21.6,21.6,21,21,216500
11/19/21,21.5,21.55,21.35,21.45,44600
11/18/21,21.65,21.65,21.5,21.5,28400
11/17/21,22,22,21.5,21.65,5700
11/16/21,22,22.3,21.45,21.55,14600
11/15/21,22.5,22.5,21.5,21.6,42200
11/12/2021,21.8,22,21.8,21.95,300
11/11/2021,21.8,22.3,21.75,21.9,2500
11/10/2021,22.4,22.4,21.8,22.25,2900
11/09/2021,22.5,22.5,21.8,21.8,5200
11/08/2021,21.65,22.05,21.65,21.85,8300
11/05/2021,21.8,21.8,21.65,21.75,5600
11/04/2021,21.8,21.8,21.5,21.7,5000
11/03/2021,22,22,21.8,21.85,1100
11/02/2021,21.5,22,21.5,21.9,500
11/01/2021,21.5,21.8,21.5,21.75,3000
10/29/21,21.7,21.8,21.45,21.45,93600
10/28/21,21.5,21.6,21.5,21.55,2500
10/27/21,21.6,21.6,21.5,21.5,5600
10/26/21,21.45,21.6,21.45,21.5,14600
10/25/21,21.7,21.7,21.45,21.5,44600
10/22/21,21.6,21.6,21.45,21.5,13300
10/21/21,21.45,21.65,21.45,21.5,15500
10/19/21,21.5,21.7,21.45,21.5,54500
10/18/21,22.1,22.1,21.4,21.55,9500
10/15/21,21.6,21.6,21.5,21.5,44500
10/14/21,21.7,21.7,21.6,21.6,11000
10/13/21,21.7,21.7,21.7,21.7,3300
10/12/2021,21.9,21.9,21.5,21.55,176100
10/08/2021,21.9,21.9,21.65,21.8,14000
10/07/2021,22,22,21.9,22,243900
10/06/2021,22.4,22.4,22,22,70200
10/05/2021,22.4,22.4,22.35,22.4,22600
10/04/2021,22.75,22.8,22.4,22.4,1531000
10/01/2021,22.8,22.8,22.7,22.75,7400
09/30/21,22.8,22.8,22.8,22.8,7000
09/29/21,22.8,22.8,22.65,22.8,5800
09/28/21,22.8,23,22.65,22.8,11700
09/27/21,23,23,22.7,22.8,5500
09/24/21,22.9,23,22.9,23,600
09/23/21,22.95,22.95,22.5,22.6,6500
09/22/21,22.8,23,22.8,22.9,2800
09/21/21,22.8,22.8,22.55,22.65,79400
09/20/21,23,23,22.6,22.65,15800
09/17/21,22.65,22.8,22.65,22.65,15200
09/16/21,22.85,22.95,22.6,22.8,53500
09/15/21,23,23,22.85,22.95,5900
09/14/21,22.5,23.1,22.5,22.6,34100
09/13/21,23,23,22.5,22.5,65300
09/10/2021,22.5,22.5,22.45,22.5,37900
09/09/2021,22.45,22.5,22.45,22.5,14700
09/08/2021,22.8,22.8,22.45,22.5,14500
09/07/2021,23.4,23.4,22.5,22.6,13500
09/06/2021,22.7,22.75,22.45,22.5,76000
09/03/2021,22.7,22.85,22.6,22.75,54600
09/02/2021,23,23,22.5,22.7,335000
09/01/2021,23.25,23.3,23,23,883700
08/31/21,23.1,23.3,23.1,23.25,16800
08/30/21,23,23,22.9,23,238200
08/27/21,22.95,23,22.9,23,14400
08/26/21,22.95,23,22.75,22.95,66800
08/25/21,22.8,22.95,22.8,22.8,12300
08/24/21,23,23,22.8,22.8,153900
08/23/21,23,23,22.8,22.85,326600
08/20/21,22.8,23,22.8,23,128100
08/19/21,22.8,23,22.8,22.9,18800
08/18/21,22.8,22.8,22.65,22.8,34800
08/17/21,23,23,22.6,22.8,495700
08/16/21,23,23,22.9,22.95,132300
08/13/21,22.6,22.95,22.6,22.75,13500
08/12/2021,22.8,22.8,22.6,22.7,451600
08/11/2021,22.5,22.75,22.45,22.55,25000
08/10/2021,22.3,22.5,22.3,22.45,17100
08/09/2021,22.65,22.65,22.5,22.5,5600
08/06/2021,22.85,22.85,22.5,22.55,8400
08/05/2021,22,22.85,21.75,22.3,5000
08/04/2021,22,22.85,21.75,22.7,323800
08/03/2021,22.75,22.95,22,22.75,55500
08/02/2021,22.75,22.95,22.75,22.85,19400
07/30/21,22.95,22.95,22.75,22.95,9100
07/29/21,23,23,22.75,22.95,12700
07/28/21,23,23,22.75,22.9,17400
07/27/21,22.85,23,22.25,22.9,65700
07/26/21,22.85,22.85,22.25,22.75,5500
07/23/21,22.5,22.5,22,22.15,2300
07/22/21,21.6,22.9,21.6,21.8,16600
07/21/21,22,22,21.45,21.5,111600
07/19/21,22.85,22.85,21.5,21.5,1358400
07/16/21,22.8,22.8,21.45,21.5,300200
07/15/21,22.85,22.85,21.4,21.55,268400
07/14/21,22,22.85,21.4,21.55,1657900
07/13/21,22.2,22.9,21.5,21.55,402100
07/12/2021,22.9,22.9,22,22.15,2300
07/09/2021,22.9,22.95,21.5,21.55,256100
07/08/2021,22.8,22.8,21.65,21.75,179800
07/07/2021,22.2,22.2,21.9,22,44100
07/06/2021,21.55,22,21.55,21.65,115700
07/05/2021,21.9,21.9,21.8,21.85,275100
07/02/2021,21.5,21.9,21.5,21.55,35400
07/01/2021,21.75,22,21.2,21.45,704400
06/30/21,21.9,21.9,21.5,21.85,46500
06/29/21,21.9,21.9,21.85,21.9,28800
06/28/21,22.9,22.9,21.9,22,5300
06/25/21,21.5,21.9,21,21.1,48700
06/24/21,21.9,21.9,21.05,21.5,24100
06/23/21,21.85,21.85,21.05,21.35,28900
06/22/21,21.5,21.5,21.45,21.5,11400
06/21/21,21.85,21.85,21,21.45,171900
06/18/21,21.9,21.9,21.8,21.8,8700
06/17/21,21.9,21.9,21.8,21.85,30400
06/16/21,21.95,21.95,21.8,21.9,55400
06/15/21,22,22,21.9,21.95,1800
06/14/21,22,22,21,21.25,58700
06/11/2021,22,22,21.35,21.5,48200
06/10/2021,21.75,22,21.5,21.65,73700
06/09/2021,21.8,21.8,21.5,21.75,6500
06/08/2021,22,22,21.5,21.5,67100
06/07/2021,22.45,22.45,22,22,93900
06/04/2021,22,22.5,21.5,22,16900
06/03/2021,22.5,23,21,21.3,41400
06/02/2021,22,22,21.05,21.4,37800
05/31/21,21.55,22,21,21.3,10200
05/28/21,22,22.45,21,21.55,50400
05/27/21,22.45,22.45,21.75,22.2,15300
05/26/21,22.5,22.5,20.5,22.25,15200
05/25/21,23,23,22,22.65,19800
05/24/21,22.95,23,22.5,22.9,127100
05/21/21,23.45,23.45,23.3,23.35,500
05/20/21,23.1,23.5,23,23.35,1200
05/19/21,23.3,23.5,23,23.25,12900
05/18/21,23.8,23.8,23,23.1,16900
05/17/21,24.25,24.25,23.75,23.9,7100
05/13/21,24.55,24.55,24,24.3,61300
05/12/2021,25,25,23,24.55,64000
05/11/2021,24,26,22.5,24.85,133400
05/10/2021,23.25,23.25,21,21.3,1845600
05/07/2021,22.48,22.5,21.25,21.3,830000
05/06/2021,22.5,22.5,21.25,21.33,628000
05/05/2021,22.5,22.5,21.25,21.38,338600
05/04/2021,22.5,23.48,21.5,21.53,2629600
05/03/2021,23.9,23.9,22,22.48,42000
04/30/21,22.5,22.5,22,22.03,352800
04/29/21,22.75,24,22.25,22.25,2149600
04/28/21,24.98,24.98,22.48,22.53,311000
04/27/21,24,24.73,23.5,23.75,137600
04/26/21,22.5,23.98,22.5,22.68,7000
04/23/21,22.53,22.53,22.5,22.5,484000
04/22/21,22.5,23,22.5,22.53,16200
04/21/21,23,23,22.25,22.5,2079800
04/20/21,23,23,23,23,41400
04/19/21,23,23,22.75,23,25800
04/16/21,23,23,22.88,23,18200
04/15/21,23.6,23.6,23.38,23.48,102000
04/14/21,23.5,23.5,23.5,23.5,135800
04/13/21,24,24,23.5,23.6,136600
04/12/2021,24.23,24.23,23.48,23.53,687800
04/09/2021,24.48,24.48,23.5,23.7,290800
04/08/2021,24.75,24.75,24,24.03,902000
04/07/2021,24.98,24.98,24.75,24.88,66400
04/06/2021,26,26.5,25,25,413000
04/01/2021,26.38,26.5,24.05,24.5,503200
03/31/21,24.5,27.25,24.5,25,511400
03/30/21,22,22,22,22,1000
03/29/21,21.5,22,21.3,21.45,9400
03/26/21,21.5,21.95,21.5,21.58,4200
03/25/21,22.48,22.48,21.53,21.53,45400
03/24/21,22.5,22.5,21.5,21.6,455000
03/23/21,22.5,22.9,22.48,22.5,437800
03/22/21,21.53,21.53,21.5,21.5,10000
03/19/21,21.5,22.48,21.5,21.6,3800
03/18/21,21.5,21.5,21.5,21.5,43000
03/17/21,21.5,22.13,21.5,21.5,192000
03/16/21,21.5,22.48,21.5,21.5,1139000
03/12/2021,22.48,22.5,21.5,21.5,2072800
03/11/2021,21.38,22.48,21.38,21.58,3200
03/09/2021,22.03,22.5,21.5,22.08,56200
03/08/2021,22.48,22.48,22.48,22.48,600
03/05/2021,22,22.3,22,22.03,4000
03/04/2021,22.3,22.3,22.25,22.3,3600
03/03/2021,22.45,22.45,22.25,22.3,2000
03/02/2021,22.48,22.48,22.45,22.45,62200
03/01/2021,22.48,22.48,22.48,22.48,200
02/26/21,22.48,22.48,22.48,22.48,200
02/25/21,21.3,22.5,21.25,21.3,155400
02/24/21,22.75,22.75,22.48,22.5,40600
02/23/21,23,23,21.35,21.73,9000
02/22/21,22.5,22.5,22.5,22.5,16000
02/19/21,22.25,22.5,22.25,22.4,2000
02/18/21,22.5,22.5,22.5,22.5,7800
02/17/21,22.5,22.5,22.5,22.5,1400
02/16/21,21.55,22.5,21.5,21.58,17000
02/15/21,22.25,22.5,21.5,21.78,126800
02/12/2021,22.5,22.5,22.5,22.5,8200
02/11/2021,22,22,22,22,15200
02/10/2021,21.03,22.5,21.03,21.08,7600
02/09/2021,22.5,22.5,21,21.05,2700200
02/08/2021,22.5,22.5,22.5,22.5,1200
02/05/2021,22.28,22.5,21.78,22.08,2400
02/04/2021,22,22.28,22,22.1,108200
02/03/2021,22.5,22.5,22.03,22.28,2400
02/01/2021,23.5,23.5,22,23.15,25400
01/29/21,23.5,23.5,23.5,23.5,3800
01/28/21,23.25,23.25,23.25,23.25,48000
01/27/21,23.25,23.25,23.25,23.25,41800
01/26/21,23,23.25,23,23.25,1139600
01/25/21,23.25,23.25,23,23.23,74200
01/22/21,23,23,23,23,200
01/21/21,22.25,22.25,22.25,22.25,200
01/20/21,23,23,22.25,23,128400
01/19/21,22,22,22,22,200
01/15/21,23,23,21.75,22.93,3400
01/13/21,23,23,23,23,2000
01/12/2021,22.98,23,21.53,22.95,1275200
01/11/2021,22.5,22.5,22.5,22.5,8000
01/08/2021,23,23,23,23,5200
01/07/2021,22.75,22.75,22.75,22.75,4000
01/06/2021,22.5,22.5,22.5,22.5,128000
01/05/2021,21.95,21.95,21.75,21.75,215800
01/04/2021,22.5,22.5,21.95,22.43,77200
12/31/20,22.5,22.5,22.5,22.5,4400
12/30/20,23,23,23,23,200
12/29/20,22.5,22.5,22.5,22.5,200
12/24/20,22.05,23,21.55,21.7,31800
12/23/20,21.6,22.5,21.5,21.5,403800
12/22/20,22.25,22.25,22.25,22.25,3739000
12/21/20,22,22,21.5,21.68,156800
12/18/20,22.5,23,22.5,22.6,1000
12/17/20,23,23,23,23,2000
12/16/20,23.13,23.13,23,23.03,29400
12/15/20,23,23.65,23,23,28200
12/14/20,23,23,22.38,23,604600
12/10/2020,23,23,23,23,684800
12/09/2020,22.83,23,22.83,23,500200
12/08/2020,22.03,22.03,22.03,22.03,200
12/07/2020,22,23,22,22.93,48000
12/04/2020,23,23,23,23,195200
12/03/2020,22.83,22.83,22.83,22.83,248600
12/02/2020,22.03,23,21.75,22.83,63800
11/30/20,22.75,22.75,22.75,22.75,47000
11/27/20,21.78,23,21.78,22.73,302000
11/26/20,22.25,22.25,21.75,21.8,3600
11/24/20,21.75,21.75,21.75,21.75,20000
11/23/20,21.75,21.75,21.75,21.75,40000
11/20/20,22.5,22.5,22.5,22.5,4200
11/19/20,21.88,21.88,21.75,21.88,114400
11/18/20,21.75,21.75,21.75,21.75,6000
11/17/20,21.65,21.65,21.65,21.65,200
11/12/2020,22,22,21.75,21.85,34000
11/11/2020,21.6,21.6,21.6,21.6,3200
11/05/2020,21.8,21.8,21.55,21.6,15600
11/04/2020,21.98,22,21.98,22,1200
11/03/2020,21.98,21.98,21.98,21.98,200
11/02/2020,21.98,21.98,21.98,21.98,200
10/29/20,22,22,22,22,16000
10/27/20,22,22,22,22,200
10/26/20,22,22,22,22,400
10/23/20,22.5,22.5,22.5,22.5,1200
10/19/20,21.8,22.5,21.78,21.83,5600
10/16/20,21.98,22,21.75,21.75,1002600
10/15/20,21.78,22,21.78,21.83,5400
10/14/20,21.78,22,21.78,21.98,5200
10/13/20,22,22,22,22,4000
10/12/2020,22,22,22,22,26000
10/09/2020,22,22,21.75,21.8,3000
10/05/2020,21.78,21.78,21.75,21.75,40000
10/02/2020,22,22,21.78,21.78,40200
10/01/2020,22,22,21.53,21.7,60800
09/30/20,22.5,22.5,22,22.13,51000
09/29/20,22,23,22,22.5,14400
09/28/20,22,22,22,22,6000
09/25/20,22.5,22.5,22,22.2,67200
09/24/20,22,22.5,22,22.2,108800
09/23/20,22,22,21.75,21.93,3200
09/22/20,22.25,22.25,21.75,22,87600
09/21/20,22.38,22.38,22.25,22.3,4400
09/18/20,22.5,22.5,22.25,22.5,20600
09/17/20,22.5,22.5,22.25,22.5,12200
09/16/20,22.5,22.5,22.5,22.5,34400
09/15/20,22.5,22.5,22.5,22.5,12200
09/14/20,22.43,23,22.43,22.68,12600
09/11/2020,23,23,23,23,600
09/10/2020,22.5,22.5,22.4,22.4,17200
09/09/2020,22.25,22.5,22.25,22.3,34800
09/08/2020,22,22.5,22,22.13,28400
09/07/2020,22,22,22,22,800
09/04/2020,22,22,22,22,400
09/03/2020,21.53,21.53,21.5,21.5,510000
09/02/2020,22,22,21.5,21.53,93000
09/01/2020,22.75,22.75,21.5,21.5,2548400
08/31/20,23,23,22.95,23,2600
08/28/20,22.5,22.5,21.25,21.68,162600
08/27/20,22.48,22.5,22.48,22.48,21600
08/26/20,21.5,21.5,21.5,21.5,106800
08/25/20,22.5,22.5,21.5,22.48,9400
08/24/20,22.5,22.5,22.5,22.5,200
08/21/20,21.5,21.5,21.5,21.5,1353000
08/20/20,22,22,21.5,21.58,60200
08/19/20,22,22,22,22,10000
08/18/20,22,22,21.75,21.98,31400
08/17/20,22.25,22.5,22.05,22.08,48800
08/14/20,22.75,22.75,22.05,22.33,15200
08/12/2020,23,23,22.5,22.83,600
08/11/2020,22.5,22.5,22.5,22.5,1800
08/10/2020,23,23,23,23,8000
08/07/2020,23.13,23.13,23,23.13,3600
08/06/2020,23.13,23.13,23.13,23.13,4600
08/05/2020,23,23.95,23,23.38,8200
08/03/2020,24,24,22.25,22.5,590200
07/30/20,24,24,22.5,23.1,1000
07/29/20,24.48,24.48,24.48,24.48,800
07/28/20,24,24,22.15,22.25,3836000
07/27/20,23.5,23.5,23,23.15,164400
07/24/20,24.5,24.75,24.5,24.5,12200
07/23/20,24,24,24,24,6400
07/22/20,24.98,24.98,24.98,24.98,1800
07/21/20,24.25,24.25,24.25,24.25,100000
07/20/20,24.25,25,24.25,24.63,7800
07/17/20,24.5,25.5,24.5,24.93,3600
07/16/20,25,25,25,25,200
07/15/20,25,25,25,25,2000
07/14/20,25.13,25.13,25.13,25.13,200
07/13/20,25,25.5,25,25.13,25000
07/10/2020,24.5,24.5,24.5,24.5,200
07/09/2020,25.5,25.5,25.5,25.5,1000
07/08/2020,25,25,24,24.55,27000
07/07/2020,24.75,25.5,24.75,24.85,1400
07/06/2020,25.5,25.5,25.5,25.5,400
07/02/2020,24.28,25.5,24.28,24.68,600
07/01/2020,25,25,25,25,266000
06/30/20,25,25.75,25,25,7000
06/29/20,24.5,24.5,24,24.48,4200
06/26/20,25,25,25,25,81800
06/25/20,24.8,26,24.5,25,120600
06/24/20,24.63,24.63,24.5,24.63,28200
06/23/20,24.5,24.5,24.5,24.5,53600
06/19/20,24.03,24.13,24,24.13,78400
06/18/20,26,27.5,26,26.25,1400
06/17/20,25,27.5,25,25.63,1200
06/16/20,25,25,25,25,2600
06/15/20,25,25,25,25,600
06/12/2020,25,25,25,25,400
06/11/2020,24.5,24.5,24.5,24.5,3400
06/09/2020,25,25,23,23.4,24400
06/08/2020,23.5,23.5,23.5,23.5,12600
06/03/2020,23,23,23,23,9800
06/02/2020,23,23,23,23,18600
05/29/20,24.73,24.73,22.8,23.68,8200
05/28/20,24.75,24.75,24.7,24.73,100400
05/27/20,24.5,24.5,24.5,24.5,4800
05/22/20,24.95,24.95,24.5,24.7,6000
05/20/20,24.95,24.95,24.95,24.95,800
05/19/20,24.95,24.95,24.95,24.95,3000
05/18/20,24.95,24.95,24.65,24.85,600
05/15/20,24.5,24.95,24.5,24.65,1200
05/14/20,24.98,24.98,24.95,24.95,11000
05/13/20,25.5,25.5,24.95,25,129800
05/12/2020,26.25,26.25,25.5,25.88,2000
05/11/2020,25.25,25.5,25.25,25.25,55600
05/08/2020,25.5,25.5,25.5,25.5,1000
05/07/2020,26.38,26.38,25.13,25.25,88000
05/06/2020,26.38,26.38,26,26.13,1000
05/05/2020,25.63,25.75,25.63,25.75,11800
04/30/20,25.5,26,25.5,25.63,1400
04/29/20,25.5,25.5,25.5,25.5,466600
04/28/20,26,26,25.25,25.63,1200
04/27/20,25.88,26,25,25.75,1800
04/24/20,26,26,25.5,25.63,31200
04/23/20,26.38,26.38,25,25,4600
04/22/20,26.38,26.38,26.38,26.38,200
04/21/20,26.25,26.38,26,26,214400
04/20/20,26,26.38,26,26.38,3000
04/17/20,26.38,26.38,26.38,26.38,40800
04/16/20,26.38,26.38,26.25,26.38,36400
04/15/20,25.5,26,25.5,25.75,17600
04/14/20,25.5,25.63,25.5,25.63,34400
04/09/2020,25.5,25.5,25.5,25.5,1000
04/08/2020,25,25.5,24.75,25.13,4000
04/07/2020,25,25,25,25,2000
04/06/2020,25.63,25.63,24.25,24.48,3000
04/03/2020,25,25,25,25,10800
04/02/2020,24.25,24.25,24.25,24.25,400
04/01/2020,25.5,25.5,25,25.13,3000
03/31/20,25,26,25,25.38,15800
03/26/20,25.38,25.38,24,24.9,22000
03/25/20,23.5,23.5,23,23.08,13400
03/24/20,23,23,22.5,22.98,21400
03/23/20,23.05,23.05,23,23.05,43600
03/20/20,23.1,23.1,23.1,23.1,6200
03/19/20,23,23.1,23,23,18800
03/18/20,23,23.73,22.5,23.03,46000
03/17/20,23,23,22.5,23,38000
03/16/20,25,25,23,23.2,4600
03/13/20,23.15,23.75,23,23.15,20200
03/11/2020,25,25.13,25,25,219800
03/09/2020,25.38,25.5,25.25,25.38,39200
03/06/2020,26,26,26,26,31000
03/05/2020,26,26,26,26,8000
03/04/2020,25.38,26,25.25,25.38,2800
03/03/2020,25.5,25.5,25.5,25.5,2800
03/02/2020,24.03,24.03,24.03,24.03,1400
02/28/20,25,25,25,25,64000
02/27/20,25.5,27,25,25.5,32600
02/26/20,27.25,27.25,27.25,27.25,5400
02/25/20,27.25,27.25,27.25,27.25,400
02/21/20,27.25,27.5,26.25,27.25,2400
02/20/20,26.5,26.5,26.5,26.5,5000
02/19/20,26.75,27.25,26.25,26.75,39400
02/18/20,27.25,27.5,27.25,27.25,1000
02/14/20,26.63,26.63,26.63,26.63,2000
02/13/20,27.5,27.5,27.5,27.5,200
02/12/2020,27.25,27.5,26.5,27.25,3000
02/10/2020,27.63,27.88,27.5,27.63,31800
02/07/2020,27.75,27.75,27.5,27.75,800
02/06/2020,27.5,27.5,27.5,27.5,2000
02/04/2020,27.5,27.5,27.5,27.5,600
02/03/2020,27.25,27.5,27.25,27.25,3200
01/31/20,27.5,27.5,27.5,27.5,20400
01/30/20,27.63,28.25,27.5,27.63,85200
01/29/20,28.25,28.38,28.25,28.25,7400
01/28/20,28.5,28.75,28.5,28.5,55200
01/27/20,28.63,28.75,28.5,28.63,51000
01/24/20,28.75,28.75,28.75,28.75,71600
01/23/20,28.5,28.5,28.5,28.5,2200
01/22/20,28.63,29.5,28.5,28.63,15000
01/20/20,29,29.25,28.88,29,72800
01/17/20,29.13,29.25,29.13,29.13,108200
01/16/20,29.13,29.25,29,29.13,3000
01/15/20,28.88,29,28.63,28.88,70800
01/14/20,28.88,29.5,28.5,28.88,17600
01/13/20,29,29,29,29,11600
01/10/2020,29,29,29,29,6400
01/09/2020,28.75,29,28.25,28.75,1600
01/08/2020,27.88,28.5,27.75,27.88,8600
01/07/2020,28.13,28.5,28,28.13,2000
01/06/2020,28,28.5,27.5,28,77400
01/03/2020,27.88,28,27.5,27.88,36800
01/02/2020,27,27,27,27,18800
12/31/19,27,27,27,27,5200
12/30/19,27,27,27,27,200
12/27/19,26.5,27,26,26.5,37400
12/24/19,26,26,25.38,26,112200
12/23/19,25.5,25.5,25.5,25.5,1000
12/20/19,25.13,25.25,25,25.13,41600
12/19/19,25.25,25.5,25,25.25,30000
12/17/19,25.25,26.5,25.25,25.25,15400
12/16/19,25,25.25,24.75,25,633000
12/13/19,25,25,25,25,4200
12/11/2019,25,25,24.75,25,13600
12/10/2019,25,25,24.75,25,465000
12/09/2019,25,25,25,25,10000
12/05/2019,25.88,25.88,25.88,25.88,200
12/04/2019,24.95,26,24.9,24.95,149000
12/03/2019,25,25,25,25,46600
12/02/2019,24.98,25,24.5,24.98,299400
11/29/19,24.48,24.5,24.48,24.48,1871800
11/28/19,24.48,25,24.45,24.48,3321000
11/27/19,24.65,24.98,24.5,24.65,104400
11/26/19,24.5,24.5,24.38,24.5,5400
11/25/19,25,25,25,25,4400
11/22/19,25,25,25,25,200
11/21/19,25,25.13,25,25,15000
11/20/19,25.13,25.25,25.13,25.13,1800
11/19/19,24.7,25,24.5,24.7,77600
11/18/19,24.75,24.75,24.75,24.75,400
11/15/19,24.53,24.98,24.25,24.53,43000
11/14/19,25,25,25,25,200
11/13/19,24.5,24.5,24.48,24.5,21000
11/12/2019,24.73,25,24.5,24.73,265000
11/11/2019,24.75,25,24.63,24.75,43000
11/08/2019,25,25,25,25,24600
11/07/2019,25.13,26.13,25,25.13,2200
11/06/2019,26.25,26.5,25.38,26.25,30800
11/05/2019,25.75,26.25,25,25.75,13600
11/04/2019,26.25,26.5,24.03,26.25,2776000
11/01/2019,26.63,26.88,25,26.63,113200
10/31/19,25.25,26.88,25,25.25,344400
10/30/19,24.5,24.75,22.73,24.5,121400
10/28/19,22.5,22.5,22.5,22.5,62000
10/25/19,22.58,24.73,22.25,22.58,548400
10/24/19,23.55,24.73,22.53,23.55,2600
10/23/19,22.53,24.75,22.5,22.53,519800
10/22/19,22.98,24.75,22.5,22.98,333200
10/18/19,24.48,24.48,24.48,24.48,1800
10/17/19,23,24.25,22.53,23,10000
10/16/19,24.5,24.5,24.5,24.5,400
10/15/19,22.45,22.5,22,22.45,10000
10/11/2019,23.03,24,22,23.03,2400
10/09/2019,22.5,22.5,22.5,22.5,24800
10/08/2019,22.48,22.5,22,22.48,274200
10/07/2019,24.28,24.5,22.5,24.28,17600
10/04/2019,22.55,22.75,22.5,22.55,20000
10/03/2019,22.95,24.63,22.5,22.95,97000
10/02/2019,22.5,22.5,22.5,22.5,22200
10/01/2019,22.5,22.5,22.5,22.5,1122200
09/26/19,22.5,22.5,22.5,22.5,57000
09/25/19,22.5,22.5,22.5,22.5,95200
09/24/19,22.5,22.5,22.5,22.5,200
09/23/19,21.9,22.5,21.55,21.9,56800
09/20/19,22.5,22.5,22.5,22.5,15600
09/19/19,22.48,22.5,22.48,22.48,1746600
09/18/19,22.5,22.5,22.5,22.5,123200
09/17/19,22.6,23,22.5,22.6,15800
09/16/19,22.5,23,22.5,22.5,1211200
09/13/19,22.83,23,22.75,22.83,22600
09/12/2019,22.75,23,22.5,22.75,11200
09/11/2019,22.5,22.5,22.5,22.5,436800
09/10/2019,22.58,23.25,22.5,22.58,183400
09/06/2019,23.25,23.25,23.25,23.25,1400
09/05/2019,23.25,24,23.25,23.25,656200
09/04/2019,23.25,24,23.25,23.25,27800
09/03/2019,23.38,23.5,23.25,23.38,611800
09/02/2019,23.35,24,23.25,23.35,224800
08/30/19,23.28,24,22.5,23.28,519000
08/29/19,24,24.5,24,24,458200
08/28/19,24,24,24,24,5600
08/26/19,24.13,24.5,24,24.13,33800
08/23/19,23.9,25,23,23.9,5800
08/22/19,24.5,25,24.5,24.5,6800
08/20/19,25,25,25,25,3000
08/19/19,24.85,25,24.5,24.85,5800
08/16/19,24.85,25,24.5,24.85,14200
08/15/19,25,26,25,25,61000
08/14/19,25.63,26.5,25.5,25.63,1200
08/13/19,26,26.5,26,26,6800
08/09/2019,26.5,26.5,26.5,26.5,800
08/08/2019,26,26.38,26,26,86800
08/07/2019,26.13,26.38,26,26.13,2400
08/06/2019,26,26.38,26,26,7400
08/05/2019,26.38,26.38,26.38,26.38,3800
08/02/2019,26,26,25.5,26,59800
08/01/2019,26.13,26.25,25.75,26.13,2400
07/31/19,25.88,26,25.5,25.88,10000
07/30/19,26,26.38,26,26,45600
07/29/19,26.13,26.5,26,26.13,24000
07/26/19,26.5,26.5,26.5,26.5,5400
07/25/19,26.5,26.5,26.5,26.5,12000
07/24/19,26.38,26.5,26.25,26.38,8200
07/23/19,26.25,26.5,26.25,26.25,600
07/22/19,26.38,26.5,26.25,26.38,2200
07/19/19,26.25,26.5,26,26.25,17200
07/18/19,26.63,27,26.5,26.63,7800
07/17/19,26.5,27,26.5,26.5,11600
07/15/19,26.5,26.75,26.5,26.5,20000
07/12/2019,27.5,27.5,27.5,27.5,200
07/11/2019,27.5,27.5,27.5,27.5,3000
07/10/2019,27,27.5,27,27,20600
07/09/2019,27.5,27.5,27.25,27.5,63200
07/08/2019,27.88,28,27.5,27.88,6200
07/05/2019,29.75,29.75,29.75,29.75,800
07/04/2019,27.25,27.63,27,27.25,36400
07/03/2019,27.5,27.63,27.5,27.5,33000
07/02/2019,27.5,27.5,27,27.5,1225800
07/01/2019,27.5,27.63,27.5,27.5,3200
06/28/19,27.5,27.63,27.5,27.5,4600
06/27/19,28.5,28.5,28.5,28.5,200
06/26/19,28.75,29,27.5,28.75,2400
06/25/19,28.63,29.5,27.5,28.63,1400
06/24/19,27.5,27.5,27.5,27.5,108600
06/21/19,27,27.5,27,27,109600
06/20/19,27.13,29.5,27,27.13,219000
06/19/19,27.25,27.5,27,27.25,80000
06/18/19,27.13,27.75,26,27.13,53000
06/17/19,27,27.75,26,27,20600
06/14/19,27.5,27.5,27.5,27.5,400
06/13/19,27.75,27.75,27.75,27.75,7200
06/12/2019,27.75,27.75,27.75,27.75,14200
06/11/2019,27.63,28,27.5,27.63,2800
06/10/2019,28.63,29,28,28.63,36800
06/07/2019,28.88,29,28.75,28.88,19800
06/06/2019,28.13,28.13,28.13,28.13,600
06/04/2019,27.5,27.5,27.5,27.5,1000
06/03/2019,27.5,28,27.5,27.5,3200
05/31/19,28.13,28.5,27,28.13,710200
05/30/19,28,28,28,28,8000
05/29/19,29.63,30,28,29.63,25600
05/28/19,29,29.5,29,29,16200
05/27/19,30,30,30,30,2000
05/24/19,29.5,30,29.25,29.5,13400
05/23/19,29.63,30,29.5,29.63,1600
05/22/19,30,30.25,29.5,30,4000
05/21/19,30.25,30.5,30,30.25,1000
05/20/19,31,31.5,30.5,31,344200
05/17/19,30,30,30,30,400
05/16/19,30.13,31.25,30,30.13,29800
05/15/19,30.13,32.38,28.75,30.13,3600
05/14/19,31.75,32.38,31.75,31.75,40000
05/13/19,35.25,57.63,30.5,35.25,17400
05/10/2019,29.69,30.75,29.25,29.69,44800
05/09/2019,30,30.75,29.75,30,184800
05/08/2019,30.81,31.13,30.5,30.81,26400
05/07/2019,31.19,31.19,31.19,31.19,8000
05/06/2019,30.75,31,30.63,30.75,139200
05/03/2019,30.81,31.25,30.25,30.81,8800
05/02/2019,30.06,31.25,29.38,30.06,48800
04/30/19,29.06,29.25,29,29.06,134800
04/26/19,28.75,28.75,28.75,28.75,24000
04/25/19,28.31,28.75,28.25,28.31,36400
04/24/19,28.19,28.25,28.19,28.19,288400
04/23/19,28.19,28.19,28.19,28.19,96800
04/18/19,28.19,28.19,28.19,28.19,46800
04/17/19,28.19,28.19,28.19,28.19,23600
04/16/19,28.31,28.38,28.25,28.31,29200
04/15/19,28.31,28.38,28,28.31,19200
04/12/2019,28.25,28.25,28.25,28.25,28000
04/11/2019,28.13,28.25,28,28.13,18400
04/10/2019,28.31,28.38,28.25,28.31,40000
04/09/2019,28.38,28.5,28.38,28.38,58800
04/08/2019,28.44,28.5,28.38,28.44,21200
04/05/2019,28.38,28.5,28.38,28.38,27600
04/04/2019,28.25,28.5,28,28.25,57600
04/03/2019,28.44,28.5,28.25,28.44,26800
04/02/2019,28.69,29,28.5,28.69,181600
04/01/2019,28.81,29,28.38,28.81,17600
03/29/19,28.38,28.75,27.5,28.38,61200
03/28/19,27.25,27.5,26.5,27.25,103200
03/27/19,26.5,27.5,24.5,26.5,1059600
03/26/19,23.5,23.5,23.5,23.5,4000
03/20/19,23.56,24.75,23.5,23.56,6000
03/19/19,24.75,24.75,24.75,24.75,400
03/18/19,22.5,22.5,22.5,22.5,6800
03/15/19,22.5,22.5,22.5,22.5,59600
03/14/19,22.5,22.5,22.5,22.5,22000
03/13/19,22.5,22.5,22.5,22.5,3200
03/12/2019,22.5,22.5,22.5,22.5,20800
03/11/2019,22.5,22.5,22.5,22.5,40800
03/08/2019,22.5,22.5,22.5,22.5,4400
03/07/2019,22.5,22.5,22.5,22.5,67200
03/06/2019,22.5,22.56,22.5,22.5,212400
02/28/19,23,23.75,23,23,172000
02/27/19,23.44,23.75,23.38,23.44,26400
02/26/19,23.75,23.75,23.75,23.75,800
02/25/19,23.75,23.75,23.75,23.75,1200
02/22/19,23.44,23.5,23.44,23.44,202800
02/21/19,23.75,23.75,23.69,23.75,563600
02/20/19,23.75,23.75,23.75,23.75,1200
02/19/19,23.88,24.25,23.75,23.88,1600
02/18/19,23.75,23.75,23.75,23.75,400
02/15/19,23.88,24.25,23.75,23.88,18400
02/13/19,23.75,23.75,23.75,23.75,2800
02/12/2019,23.75,23.75,23.75,23.75,81200
02/08/2019,23.75,23.75,23.75,23.75,8000
02/07/2019,23.75,23.75,23.75,23.75,121200
02/06/2019,23.75,23.75,23.75,23.75,5200
02/04/2019,23.44,23.75,23.44,23.44,52400
01/31/19,23.75,23.75,23.75,23.75,8000
01/30/19,23.75,23.75,23.75,23.75,24000
01/28/19,23.44,23.75,23.25,23.44,2000
01/25/19,23.75,23.75,23.75,23.75,20000
01/24/19,25,25,25,25,2400
01/22/19,23.56,23.56,23.56,23.56,4800
01/18/19,23.56,23.63,23.56,23.56,3200
01/17/19,23.56,23.56,23.56,23.56,5600
01/16/19,23.13,24.13,22.88,23.13,14000
01/15/19,24.13,25,23.25,24.13,800
01/07/2019,22.75,22.75,22.75,22.75,8000
01/03/2019,22.63,23,22.5,22.63,48000
12/24/18,21.25,21.25,21.25,21.25,5600
12/18/18,21.25,21.25,21.25,21.25,18800
12/17/18,21.25,21.38,21.25,21.25,4400
12/14/18,21.5,21.5,21.5,21.5,9200
12/13/18,21.25,21.38,21.25,21.25,100800
12/11/2018,21.25,21.63,21.25,21.25,45600
12/07/2018,21.25,21.31,21.25,21.25,282400
12/06/2018,21.25,21.38,21.25,21.25,375600
12/05/2018,21.25,21.5,21.25,21.25,260000
12/04/2018,21.56,22.5,21.5,21.56,40000
12/03/2018,21.25,21.25,21.25,21.25,139600
11/30/18,22.25,22.5,21.25,22.25,5200
11/29/18,21.19,21.5,20.88,21.19,22000
11/28/18,21.25,21.5,21.25,21.25,65600
11/26/18,21.19,21.5,21.13,21.19,1957200
11/22/18,21.25,21.75,21.25,21.25,130400
11/20/18,21.25,21.25,21.25,21.25,272000
11/19/18,21.38,22,21.25,21.38,85200
11/15/18,22.5,22.5,22.5,22.5,400
11/12/2018,22.5,22.5,22.5,22.5,28400
11/09/2018,22.5,22.5,22.5,22.5,2003600
11/08/2018,23.13,23.75,22.5,23.13,8000
11/07/2018,22.5,22.5,22.5,22.5,400
11/06/2018,22.5,22.5,22.5,22.5,400
11/05/2018,22.5,22.5,22.5,22.5,400
11/02/2018,22.5,22.5,22.5,22.5,14800
11/01/2018,22.5,22.5,22.5,22.5,40000
10/30/18,22.5,22.63,22.5,22.5,46400
10/29/18,22.5,22.75,22.5,22.5,12400
10/26/18,22.5,22.5,22.5,22.5,14000
10/24/18,23.25,23.25,23.25,23.25,4000
10/19/18,23.75,23.75,23.75,23.75,400
10/18/18,23.75,23.75,23.75,23.75,800
10/17/18,22.5,22.5,22.5,22.5,3200
10/16/18,22.5,22.75,22.5,22.5,76400
10/15/18,22.75,23.25,22.75,22.75,23200
10/09/2018,23.75,23.75,23.75,23.75,4000
10/08/2018,22.88,23,22.75,22.88,34000
10/05/2018,22.75,22.75,22.75,22.75,1200
10/03/2018,22.75,22.75,22.75,22.75,400
10/02/2018,23.75,23.75,23.75,23.75,1600
10/01/2018,23.75,23.75,23.75,23.75,12400
09/28/18,24.75,24.75,24.75,24.75,2400
09/27/18,25,25,25,25,400
09/26/18,24.75,24.75,24.75,24.75,400
09/25/18,22.5,22.5,22.5,22.5,400
09/24/18,21.25,21.25,21.25,21.25,40000
09/21/18,22.5,22.5,22.5,22.5,2400
09/20/18,21.88,21.88,21.88,21.88,1600
09/19/18,24,24.5,23.75,24,68000
09/18/18,25,25,25,25,28800
09/14/18,25.25,25.25,25.25,25.25,4800
09/13/18,26.25,26.25,26.25,26.25,400
09/12/2018,25.25,25.5,25.25,25.25,2000
09/11/2018,26,26.25,26,26,12000
09/06/2018,25.5,25.5,25.5,25.5,34400
09/05/2018,25.5,26.25,25.5,25.5,2400
09/04/2018,25.5,25.5,25.5,25.5,2000
08/31/18,25,25,25,25,8800
08/30/18,25,25.25,25,25,77200
08/29/18,25,25,25,25,19600
08/28/18,26,26.25,25.25,26,81600
08/27/18,26.25,26.25,26.25,26.25,131600
08/24/18,26.25,26.25,26.25,26.25,800
08/22/18,26.25,26.5,26.25,26.25,17200
08/20/18,26.5,28,26.25,26.5,152400
08/13/18,29,29.25,28.75,29,800
08/09/2018,28.75,29.5,28.75,28.75,84400
08/06/2018,27.5,27.5,27.5,27.5,27600
08/01/2018,28.75,28.75,28.75,28.75,3200
07/31/18,27.5,27.5,27.5,27.5,4000
07/26/18,26.5,26.5,26.5,26.5,400
07/25/18,26.75,26.75,26.75,26.75,25600
07/24/18,26.25,26.25,26.25,26.25,2800
07/23/18,28.5,28.75,28.5,28.5,800
07/17/18,28.5,28.5,28.5,28.5,22400
07/16/18,28.75,28.75,28.75,28.75,400
07/13/18,27.5,27.5,27.5,27.5,32000
07/11/2018,26.5,26.5,26.5,26.5,400
07/09/2018,28.75,29,28.75,28.75,418400
07/06/2018,28.75,28.75,28.75,28.75,320000
07/05/2018,28.75,29,28.75,28.75,1200
07/02/2018,28.75,29,28.75,28.75,76800
06/29/18,28.75,28.75,28.75,28.75,1600
06/28/18,28.75,29,28.75,28.75,1600
06/27/18,28.75,28.75,28.75,28.75,98000
06/26/18,29,29,29,29,196000
06/25/18,28.75,29,28.75,28.75,58000
06/22/18,29,29,29,29,27600
06/21/18,29.5,29.5,29.5,29.5,200000
06/20/18,29.25,29.25,29.25,29.25,4800
06/08/2018,30,30,30,30,800
06/07/2018,28.75,29.25,28.75,28.75,18800
06/05/2018,27.5,27.5,27.5,27.5,400
05/28/18,27,28,26.25,27,48000
05/25/18,28,28,28,28,400
05/24/18,28,28,28,28,800
05/16/18,29.5,29.5,29.5,29.5,400
05/15/18,30.5,30.75,30.5,30.5,61200
05/14/18,31,31.25,30.5,31,52000
05/11/2018,31,31,31,31,148400
05/10/2018,30.5,30.5,30.5,30.5,2000
05/09/2018,31,31.25,31,31,100400
05/08/2018,31,31.25,30.75,31,1302000
05/07/2018,31,31.25,30.75,31,122000
05/04/2018,31.25,32,31.25,31.25,607200
05/03/2018,31.25,31.25,31.25,31.25,1380400
05/02/2018,31,31.25,31,31,13600
04/30/18,31.25,31.75,31.25,31.25,14400
04/26/18,31,31,31,31,1600
04/25/18,31,31,31,31,21200
04/24/18,31.25,31.25,31.25,31.25,400
04/23/18,31,31,31,31,400
04/20/18,31.25,31.25,31.25,31.25,800
04/19/18,31,31,31,31,400
04/17/18,30.75,31,30.75,30.75,17600
04/16/18,31,31.25,31,31,4400
04/13/18,32.25,32.25,32.25,32.25,400
04/12/2018,31,31.25,30.25,31,78000
04/11/2018,30.25,30.25,30.25,30.25,5200
04/05/2018,30,30.25,30,30,66000
04/04/2018,30,30,30,30,1200
04/03/2018,31.25,31.25,31.25,31.25,87200
03/27/18,31.25,31.25,31.25,31.25,26000
03/26/18,31.25,31.25,31.25,31.25,1600
03/23/18,31.25,31.25,31.25,31.25,22800
03/22/18,31,31.25,31,31,599200
03/21/18,31,31.25,31,31,74400
03/20/18,31,31.25,31,31,800
03/19/18,31,31.25,31,31,63200
03/15/18,31,31.25,30,31,2000
03/14/18,30,30,30,30,2400
03/13/18,30,30,30,30,197600
03/12/2018,30,30.5,30,30,1038800
03/08/2018,30,30,30,30,167200
03/07/2018,30,30,30,30,5600
03/06/2018,30,30,30,30,13200
03/05/2018,30,30,30,30,7600
03/02/2018,30,30,30,30,4400
03/01/2018,29.5,29.5,29.5,29.5,800
02/28/18,30,30,30,30,400
02/27/18,30,30,30,30,233200
02/26/18,30,30,30,30,4800
02/23/18,29,29,29,29,800
02/22/18,30,30,30,30,1200
02/21/18,29.75,30,29,29.75,762400
02/20/18,30,30,30,30,191600
02/19/18,30,30,30,30,116800
02/16/18,30,30,30,30,296800
02/15/18,29,29,29,29,144800
02/14/18,30,30,30,30,89200
02/13/18,30,30,30,30,334400
02/12/2018,30,30,30,30,90400
02/09/2018,29.75,29.75,29.75,29.75,2515600
02/08/2018,30,30,30,30,300000
02/07/2018,29.75,30,29.75,29.75,246000
02/06/2018,29.75,30,29.25,29.75,185600
02/02/2018,29,29.25,29,29,830800
02/01/2018,29.25,29.25,29.25,29.25,17200
01/25/18,29,29,29,29,916800
01/24/18,28.75,29.25,28.75,28.75,784800
01/23/18,29,29.25,28.75,29,27200
01/22/18,29,29,29,29,400
01/19/18,29,29,29,29,28800
01/15/18,29,29,29,29,1200
01/12/2018,29.75,31.25,29,29.75,1200
01/10/2018,28.75,29.5,28.75,28.75,36400
01/05/2018,29.75,29.75,29.75,29.75,2000
01/04/2018,30,30,30,30,21600
01/02/2018,30,30,30,30,1200
12/19/17,31.75,31.75,31.75,31.75,400
12/18/17,31.25,32.5,29.5,31.25,2000
12/15/17,30,30.5,30,30,2000000
12/14/17,31,31.25,28.75,31,20000
12/11/2017,30.5,30.5,30.5,30.5,800
12/07/2017,30.5,30.75,30.5,30.5,32800
12/06/2017,30.5,30.75,30.5,30.5,17200
12/05/2017,30.5,31,30.5,30.5,94400
12/01/2017,30.75,30.75,30.75,30.75,400
11/27/17,32,32,32,32,2000
11/24/17,31.5,31.5,31.5,31.5,14000
11/22/17,31.5,31.5,31.5,31.5,48800
11/21/17,31,31.5,30.5,31,101600
11/16/17,30,30,30,30,18400
11/15/17,30,30,30,30,4000
11/14/17,30,30,30,30,20000
11/10/2017,30,30,30,30,26800
11/07/2017,30,30,30,30,800
11/02/2017,31,31,31,31,4000
11/01/2017,31,31,31,31,14000
10/18/17,31,31,31,31,400
10/16/17,31.25,31.25,31.25,31.25,20800
10/13/17,30.5,31.25,30.25,30.5,2000
10/12/2017,30.25,30.25,30.25,30.25,800
10/11/2017,30.25,31.25,30.25,30.25,2400
10/10/2017,31.25,31.25,31.25,31.25,400
10/03/2017,31.5,32,31.25,31.5,800
10/02/2017,32.25,32.5,31.75,32.25,215200
09/29/17,32.5,32.5,32.5,32.5,371600
09/28/17,32.25,32.5,31.5,32.25,40000
09/27/17,32.25,32.5,31.75,32.25,48800
09/26/17,32.25,32.5,32.25,32.25,17600
09/25/17,32.25,32.25,32.25,32.25,400000
09/22/17,31.25,32.5,31.25,31.25,5200
09/21/17,32,32.25,31.25,32,446000
09/15/17,32.25,32.25,32.25,32.25,800
09/14/17,31.5,31.75,30,31.5,488800
09/12/2017,31.25,31.25,31.25,31.25,32000
09/08/2017,31,31.25,31,31,68000
09/07/2017,30.75,30.75,30.75,30.75,145600
09/06/2017,30,30,30,30,94400
09/01/2017,31,31.25,31,31,26000
08/31/17,31.25,31.25,31.25,31.25,15200
08/30/17,31.25,32,31.25,31.25,38000
08/29/17,30.75,31.5,30.75,30.75,330000
08/28/17,30.75,31.25,30.75,30.75,26400
08/25/17,31.25,31.5,31.25,31.25,26800
08/24/17,31.25,31.5,31.25,31.25,17200
08/23/17,31.25,31.5,31.25,31.25,440000
08/22/17,31.25,31.25,31.25,31.25,2800
08/21/17,31.5,31.5,31.5,31.5,3200
08/18/17,31,31.25,30,31,98800
08/17/17,31,31.5,31,31,28800
08/16/17,31,31.25,30.75,31,129200
08/15/17,30,30,30,30,1200
08/14/17,30,30,30,30,1600
08/10/2017,28.75,28.75,28.75,28.75,5600
08/07/2017,28.75,28.75,28.75,28.75,9200
08/04/2017,28.75,28.75,28.75,28.75,32400
08/02/2017,28.75,29.25,28.75,28.75,517600
08/01/2017,27.75,28.25,27,27.75,2000
07/31/17,28.5,28.75,27.75,28.5,614800
07/28/17,27,27.5,27,27,4000
07/27/17,27.25,27.5,27,27.25,110000
07/25/17,26.75,27,26.75,26.75,6000
07/21/17,26.75,26.75,26.75,26.75,2000
07/20/17,27,27,27,27,36000
07/18/17,26.75,27,26.75,26.75,463200
07/17/17,26.75,27.5,26.5,26.75,6800
07/14/17,27.25,27.5,26.75,27.25,40400
07/13/17,26.75,26.75,26.75,26.75,176400
07/12/2017,26.25,26.5,26.25,26.25,10400
07/11/2017,26,26,26,26,87200
07/07/2017,26,26,26,26,400
07/06/2017,26,26,26,26,24000
07/03/2017,26.5,26.5,26.5,26.5,173600
06/30/17,25.75,26,25.75,25.75,138000
06/29/17,25.75,26.25,25.75,25.75,2000
06/28/17,25.75,25.75,25.75,25.75,4800
06/27/17,25.75,25.75,25.75,25.75,17200
06/23/17,25.75,25.75,25.75,25.75,264800
06/22/17,25.25,25.25,25.25,25.25,2800
06/21/17,25.25,25.25,25.25,25.25,3200
06/20/17,25,25,25,25,42000
06/19/17,25,25.25,25,25,4400
06/16/17,25.25,25.25,25.25,25.25,400
06/15/17,25,25,25,25,152000
06/14/17,25.25,25.25,25,25.25,1234000
06/13/17,25,25,25,25,400
06/07/2017,23.25,23.38,23.25,23.25,24400
06/06/2017,23.5,23.75,23.25,23.5,51600
06/02/2017,25,25,25,25,800
05/31/17,23.13,23.13,23.13,23.13,12000
05/29/17,23,23,23,23,28000
05/23/17,22.75,22.75,22.63,22.75,220800
05/22/17,22.63,22.75,22.5,22.63,1600
05/19/17,22.75,22.75,22.75,22.75,417200
05/18/17,22.75,22.75,22.75,22.75,9600
05/17/17,22.75,23.75,22.75,22.75,292800
05/16/17,22.75,22.75,22.75,22.75,12000
05/11/2017,22.75,22.75,22.75,22.75,208800
05/08/2017,22.5,22.5,22.5,22.5,4000
04/27/17,22.75,22.75,22.75,22.75,800
04/26/17,23,23.25,22.75,23,603200
04/25/17,23.25,23.25,23.25,23.25,24000
04/24/17,23.25,23.25,23.25,23.25,14000
04/20/17,22.5,22.5,22.5,22.5,14400
04/19/17,22.75,23,22.75,22.75,361600
04/18/17,22.75,23.25,22.5,22.75,16800
04/13/17,22.5,23.25,22.5,22.5,18000
04/12/2017,22.5,22.5,22.5,22.5,14000
04/11/2017,22.5,22.5,22.5,22.5,132000
04/10/2017,23,23,23,23,48800
04/07/2017,23.25,23.25,23.25,23.25,400
04/04/2017,23.25,23.25,23.25,23.25,400
04/03/2017,22.38,23.25,20,22.38,148800
03/31/17,21.75,21.75,21.75,21.75,1600
03/29/17,23.13,23.13,23.13,23.13,160000
03/28/17,23.13,23.38,22,23.13,246800
03/23/17,23.38,23.38,23.38,23.38,4000
03/21/17,23.38,23.38,23.38,23.38,1200
03/20/17,21.25,21.25,21.25,21.25,1600
03/16/17,21,21,21,21,200000
03/15/17,21.25,21.25,21.25,21.25,242400
03/14/17,21.25,21.25,21.25,21.25,340000
03/13/17,21.13,21.25,20.75,21.13,57600
03/10/2017,20.75,20.75,20.75,20.75,8800
03/09/2017,22,22,22,22,400
03/07/2017,20,20,20,20,44800
03/03/2017,20.25,20.25,20.25,20.25,300000
03/02/2017,20.13,20.25,20.13,20.13,10400
03/01/2017,20.13,20.5,20,20.13,7600
02/28/17,19.75,19.75,19.75,19.75,4000
02/27/17,20.5,20.5,20.5,20.5,800
02/24/17,19.75,19.88,19.75,19.75,254400
02/23/17,19.25,19.25,19.25,19.25,5600
02/20/17,19.13,19.88,18.88,19.13,2800
02/17/17,19.88,19.88,19.88,19.88,400
02/15/17,19.88,19.88,19.88,19.88,1200
02/14/17,19.88,19.88,19.88,19.88,400
02/10/2017,18.63,19,18.63,18.63,1354000
02/08/2017,18.63,19,18.63,18.63,1516800
02/07/2017,19,19.25,18.88,19,36800
02/03/2017,19.5,19.5,19.5,19.5,1200
02/02/2017,18.75,19.13,18.75,18.75,682000
02/01/2017,19.5,19.75,19.5,19.5,47200
01/31/17,19.75,19.88,19.75,19.75,29200
01/30/17,19.75,19.75,19.75,19.75,19200
01/27/17,19.88,20,19.5,19.88,78000
01/25/17,20,20,20,20,57200
01/24/17,20,20,20,20,82800
01/20/17,20.25,20.25,20.25,20.25,80000
01/19/17,20.25,21.5,20.25,20.25,333600
01/17/17,21.5,21.75,21.5,21.5,4000
01/11/2017,21.75,21.75,21.75,21.75,117600
01/10/2017,22.25,22.5,21.75,22.25,44800
01/09/2017,22.5,22.5,22.5,22.5,800
01/06/2017,22.63,23.75,22.5,22.63,58000
01/04/2017,22.38,22.5,22.38,22.38,108400
01/03/2017,22,22.25,22,22,2000
12/30/16,22.5,22.5,22.5,22.5,400
12/29/16,22.5,22.5,22.5,22.5,69200
12/28/16,22.5,22.5,22.5,22.5,40000
12/23/16,22.25,22.25,22.25,22.25,41600
12/22/16,22.5,22.5,22.5,22.5,172800
12/21/16,22.5,22.5,22.5,22.5,138800
12/20/16,22.5,22.5,22.5,22.5,105200
12/19/16,22.5,22.5,22.5,22.5,213600
12/16/16,23.75,23.75,23.75,23.75,1600
12/14/16,22.5,22.5,22.5,22.5,394800
12/09/2016,22.5,22.5,22.5,22.5,48000
12/08/2016,22.5,22.5,22.5,22.5,1385600
12/07/2016,22.5,22.5,22.5,22.5,641600
12/06/2016,22.5,22.75,22.5,22.5,263200
12/05/2016,22.5,23.75,22.5,22.5,20400
12/02/2016,22.75,22.75,22.75,22.75,4000
12/01/2016,22.63,22.63,22.5,22.63,1200400
11/30/16,22.75,23.75,22.75,22.75,11200
11/29/16,22.63,22.75,22.5,22.63,6800
11/28/16,22.75,22.75,22.75,22.75,17200
11/25/16,23.75,23.75,23.75,23.75,400
11/24/16,24,24.25,23.75,24,6000
11/23/16,23.75,23.75,23.75,23.75,800
11/21/16,23.75,23.75,23.75,23.75,4000
11/17/16,24,24,23.75,24,80000
11/16/16,24.25,24.25,24.25,24.25,400
11/14/16,24.5,24.5,24.5,24.5,1600
11/09/2016,24.25,24.25,24.25,24.25,1600
11/08/2016,23.25,24.25,22.25,23.25,2400
11/07/2016,23.5,23.5,23.5,23.5,400
11/04/2016,24.38,24.75,23.75,24.38,1200
10/28/16,24.25,24.25,24.25,24.25,400
10/27/16,22.75,22.75,22.75,22.75,24000
10/26/16,22.25,22.5,22.25,22.25,15200
10/25/16,22.5,22.5,22.5,22.5,400
10/24/16,22.5,22.5,22.5,22.5,2000
10/19/16,22.5,22.5,22.5,22.5,336800
10/17/16,22.5,22.5,22.5,22.5,10000
10/13/16,22.38,22.5,22.25,22.38,419200
10/12/2016,22.25,23.25,22.25,22.25,325200
10/07/2016,22.25,22.25,22.25,22.25,39600
10/06/2016,22.13,22.25,22.13,22.13,4400
10/05/2016,22.13,22.25,22,22.13,28400
10/04/2016,22,22,22,22,214400
10/03/2016,21.88,22,21.75,21.88,40800
09/30/16,22,22.25,22,22,201200
09/29/16,22.25,22.38,21.75,22.25,209200
09/28/16,21.5,22.13,21.5,21.5,10800
09/27/16,21.63,21.63,21.63,21.63,125600
09/26/16,21.38,21.5,21.25,21.38,800
09/23/16,21.75,21.75,21.75,21.75,1200
09/21/16,22,22,22,22,214000
09/20/16,22,22,22,22,352800
09/19/16,22.38,22.38,22.38,22.38,400
09/16/16,21.88,22.5,21.75,21.88,100000
09/14/16,22.38,22.38,22.38,22.38,400
09/13/16,22.38,22.38,22.38,22.38,16000
09/09/2016,21.63,21.75,21.5,21.63,104800
09/07/2016,21.25,22.38,21.25,21.25,288800
09/06/2016,21,21.5,21,21,2400
09/05/2016,21,21,21,21,169200
09/02/2016,20.63,22.5,20.5,20.63,853600
09/01/2016,22.5,22.63,22.5,22.5,56000
08/31/16,20.63,20.63,20.63,20.63,40000
08/30/16,18.75,20.5,18.5,18.75,3540800
08/29/16,19.63,19.75,19.63,19.63,659200
08/26/16,21.75,21.75,21.75,21.75,572800
08/25/16,24.13,24.13,24.13,24.13,310000
08/24/16,26.75,27.5,26.5,26.75,1600
08/23/16,26.5,26.5,26.5,26.5,1200
08/22/16,25.75,26.5,25.5,25.75,11600
08/19/16,25.5,25.5,25.5,25.5,8000
08/17/16,25.5,25.5,25.5,25.5,10400
08/15/16,25.75,26.5,25.75,25.75,9600
08/11/2016,25.5,26,25.5,25.5,12000
08/09/2016,26.25,26.75,26.25,26.25,1600
08/04/2016,27,27,27,27,5437600
08/03/2016,26.75,27,26.25,26.75,1603200
08/02/2016,25.5,25.75,25.5,25.5,53200
08/01/2016,26.25,26.25,26.25,26.25,400
07/29/16,25.25,25.5,25.25,25.25,48400
07/28/16,26.25,26.25,26.25,26.25,1600
07/27/16,26.25,26.25,26.25,26.25,11600
07/26/16,26.5,26.5,26.5,26.5,108800
07/25/16,26.25,26.25,26.25,26.25,400
07/21/16,27,27.25,27,27,330000
07/19/16,27,27.25,27,27,606800
07/15/16,27.25,27.25,27.25,27.25,1600
07/14/16,27.25,27.25,27.25,27.25,80000
07/13/16,27.25,27.25,27.25,27.25,400
07/12/2016,26,26.25,26,26,30800
07/08/2016,27.25,27.25,27.25,27.25,480000
07/06/2016,27.25,27.25,27.25,27.25,800
07/04/2016,27.25,27.5,27.25,27.25,448400
07/01/2016,27.25,27.25,27.25,27.25,768800
06/30/16,27.5,27.5,27.5,27.5,400
06/29/16,27,27,27,27,90400
06/28/16,27,27.5,25.25,27,36000
06/27/16,27.5,27.5,27.5,27.5,400
06/23/16,27,27,27,27,1160000
06/22/16,26.75,27,26.25,26.75,717200
06/21/16,26.25,26.25,26.25,26.25,1600
06/20/16,27,27.5,27,27,48400
06/17/16,27,27,27,27,2000
06/16/16,27,27,27,27,400
06/14/16,24.75,24.75,24.75,24.75,173600
06/13/16,27.25,27.5,27,27.25,20400
06/10/2016,27.5,27.5,27.5,27.5,8000
06/09/2016,27,27,27,27,400
06/08/2016,27,27,27,27,2400
06/07/2016,27.5,27.5,27.5,27.5,800
06/06/2016,27.5,27.5,27.5,27.5,400
06/02/2016,27.5,27.5,27.5,27.5,4800
05/31/16,27.25,27.5,27,27.25,848000
05/25/16,27.5,27.5,27.5,27.5,419600
05/24/16,27.5,28,27.5,27.5,34000
05/23/16,28,28,28,28,5600
05/18/16,28,28.25,27.5,28,31200
05/17/16,28,28,28,28,8400
05/16/16,27.5,28,27.5,27.5,4000
05/13/16,28,28,28,28,4000
05/11/2016,27.25,27.25,27.25,27.25,6000
05/10/2016,27.25,27.5,27,27.25,141600
05/09/2016,27.5,27.5,27.5,27.5,400
05/06/2016,27,27.75,26.75,27,63600
05/05/2016,27.75,27.75,27.75,27.75,50400
05/04/2016,28,28.25,28,28,1198400
05/03/2016,27.75,28,27.75,27.75,8400
04/28/16,28,28,27.25,28,880400
04/27/16,27.5,27.5,27.5,27.5,352000
04/26/16,26.75,27,26.75,26.75,3200
04/25/16,26.75,27,26.75,26.75,2400000
04/22/16,26.25,26.25,26.25,26.25,400
04/21/16,26.75,27,26.5,26.75,52000
04/20/16,26.5,26.75,26.25,26.5,1352000
04/19/16,26.5,26.75,26.25,26.5,226800
04/15/16,26.75,27,26.25,26.75,2400
04/14/16,26.75,27,26.25,26.75,12800
04/13/16,26.25,26.25,26.25,26.25,20000
04/12/2016,26.25,26.25,26.25,26.25,400
04/08/2016,26.25,26.25,26.25,26.25,622000
04/06/2016,26.25,26.25,26.25,26.25,619200
04/05/2016,26,26,26,26,400000
04/01/2016,25.75,25.75,25.75,25.75,1600
03/31/16,26,26.25,25.75,26,868800
03/30/16,25.75,26.25,25.75,25.75,25200
03/29/16,25.75,26.25,25.75,25.75,1420400
03/24/16,25,25,25,25,24000
03/23/16,25,25,25,25,604000
03/18/16,25,25,25,25,438400
03/17/16,25,25,25,25,24400
03/16/16,25,25.75,25,25,152800
03/15/16,25,25.5,25,25,14000
03/14/16,25,25,25,25,400
03/10/2016,25,25,25,25,8000
03/04/2016,25,25,25,25,924400
03/03/2016,24.88,25,24.63,24.88,52000
03/02/2016,24.75,24.75,24.75,24.75,400
03/01/2016,24.75,25,24.63,24.75,16000
02/26/16,24.63,25,24.25,24.63,25600
02/24/16,24.25,25,24.25,24.25,6000
02/22/16,24.5,24.5,24.5,24.5,1200
02/19/16,25,25,25,25,5200
02/18/16,25,25,25,25,1600
02/17/16,25,25,25,25,82400
02/16/16,25,25,25,25,4000
02/15/16,25,25,25,25,18000
02/11/2016,25,25,25,25,264000
02/10/2016,25,25,25,25,40000
02/09/2016,25,25.5,25,25,801200
02/05/2016,25.25,25.75,24.5,25.25,19200
01/29/16,24.5,24.5,24.5,24.5,8000
01/28/16,25.5,27,24.75,25.5,53600
01/26/16,24.75,24.75,24.75,24.75,800
01/25/16,25,25,25,25,18400
01/22/16,24.75,24.75,24.75,24.75,156000
01/19/16,24.13,24.38,24,24.13,72000
01/18/16,23.88,24.5,23.75,23.88,60000
01/15/16,24.13,24.25,23.75,24.13,46000
01/14/16,24.75,24.75,24.75,24.75,4000
01/08/2016,23.88,24,23.88,23.88,1600
01/07/2016,23.75,25,23.75,23.75,24800
01/06/2016,24.88,25,24.88,24.88,104000
01/05/2016,25,25,25,25,5600
01/04/2016,25,25,25,25,109600
12/30/15,25,25,25,25,45600
12/29/15,25,25,25,25,19600
12/24/15,24.88,25,24.75,24.88,8400
12/23/15,24.88,25,24.5,24.88,18000
12/22/15,25,25,25,25,80400
12/21/15,24.88,25,24.5,24.88,156800
12/17/15,25.25,25.25,25.25,25.25,1200
12/14/15,25.5,25.5,25.5,25.5,400
12/11/2015,25,25,25,25,20000
12/09/2015,25,25,25,25,10000
12/08/2015,24.75,25,24.25,24.75,33200
12/07/2015,24.88,25,24.25,24.88,149200
12/04/2015,24.75,24.75,24.75,24.75,20000
12/03/2015,25,25,25,25,60000
12/02/2015,24.88,25.25,24.75,24.88,1600
11/27/15,24.75,24.75,24.75,24.75,12800
11/25/15,24.5,24.5,24.5,24.5,12000
11/24/15,24.75,24.75,24.75,24.75,1600
11/23/15,24.63,24.75,24.5,24.63,92800
11/20/15,24.5,24.63,24.5,24.5,22000
11/19/15,24.5,24.5,24.5,24.5,21200
11/18/15,24.5,24.75,24.5,24.5,16800
11/17/15,24.63,24.75,24.5,24.63,5600
11/13/15,24.75,24.75,24.75,24.75,4800
11/12/2015,24.75,24.75,24.75,24.75,2800
11/11/2015,24.75,24.75,24.75,24.75,9200
11/09/2015,24.25,24.75,24.25,24.25,40000
11/06/2015,24.38,24.75,24.38,24.38,39600
11/04/2015,24.63,25,24.63,24.63,30800
11/03/2015,24.88,25,24.63,24.88,22000
11/02/2015,24.5,25,24.5,24.5,722800
10/30/15,25,25,25,25,2800
10/29/15,24.25,24.25,24.25,24.25,12400
10/28/15,24.25,25,24.25,24.25,80400
10/27/15,25,25,25,25,4400
10/26/15,25,25,25,25,8400
10/23/15,25.25,25.25,25.25,25.25,20000
10/21/15,25,25,25,25,16000
10/19/15,24.75,25.25,24.5,24.75,65200
10/16/15,25,25,25,25,12000
10/14/15,25,25.5,25,25,6800
10/12/2015,24,24,24,24,4000
10/09/2015,25.25,26,25.25,25.25,148000
10/08/2015,25.75,26,25.75,25.75,17600
10/07/2015,26,26,26,26,800
10/06/2015,26.25,26.25,26.25,26.25,1200
10/02/2015,26,26.25,25.75,26,28000
09/29/15,26.75,27.25,26.75,26.75,8800
09/24/15,26.75,27,26.25,26.75,70000
09/23/15,27.25,27.5,27.25,27.25,8400
09/22/15,27.5,27.5,27.5,27.5,9200
09/21/15,27.5,28.75,27.25,27.5,20000
09/18/15,28.75,28.75,28.75,28.75,8000
09/15/15,29,29,29,29,12000
09/14/15,29,30,28,29,14400
09/11/2015,29.25,29.5,28.75,29.25,110800
09/10/2015,29,29.75,28.75,29,6000
09/09/2015,29.75,30,29.5,29.75,39600
09/08/2015,30.25,31.25,30,30.25,23200
09/07/2015,29.5,30,28.75,29.5,17600
09/04/2015,26.75,27,26.5,26.75,27200
09/03/2015,26.75,26.75,26.75,26.75,4000
09/02/2015,26.75,27.25,26.75,26.75,35600
09/01/2015,26.75,27.25,26.5,26.75,29600
08/31/15,27.25,27.5,27.25,27.25,44000
08/28/15,27.25,27.5,27.25,27.25,4400
08/27/15,27.5,27.5,27.5,27.5,800
08/26/15,28.75,28.75,28.75,28.75,16000
08/25/15,28.75,28.75,28.75,28.75,400
08/21/15,28.75,29.25,28.75,28.75,4000
08/20/15,28.75,28.75,28.75,28.75,13200
08/19/15,27.5,27.5,27.5,27.5,22800
08/18/15,27.25,27.25,27.25,27.25,63200
08/17/15,27,27.25,27,27,3200
08/04/2015,26.5,26.5,26.5,26.5,20800
08/03/2015,27.5,27.5,27.5,27.5,8000
07/31/15,26.5,26.5,26.5,26.5,400
07/30/15,26.5,26.5,26.5,26.5,3200
07/27/15,26.5,26.75,26.5,26.5,65600
07/23/15,26.5,27,26.5,26.5,30000
07/22/15,26.5,26.75,26.5,26.5,2000
07/21/15,27.75,28.5,27.5,27.75,4800
07/20/15,28.5,28.5,28.5,28.5,89600
07/17/15,28.75,28.75,28.75,28.75,8400
07/16/15,28.75,28.75,28.75,28.75,800
07/15/15,28.75,29.25,28.75,28.75,55200
07/14/15,29,29.25,28.75,29,800
07/10/2015,28.75,29,28.75,28.75,68800
07/09/2015,29,29,29,29,1600
07/08/2015,29,29.5,28.75,29,6400
07/07/2015,28.75,29.25,28.75,28.75,2000
07/06/2015,29.25,29.25,29.25,29.25,106400
07/03/2015,29.25,29.5,29.25,29.25,3600
07/01/2015,29.25,29.5,29.25,29.25,50800
06/30/15,29.25,29.5,29.25,29.25,15600
06/29/15,29.25,29.5,29.25,29.25,9600
06/26/15,29.25,29.25,29.25,29.25,3200
06/25/15,29.25,29.5,29.25,29.25,316800
06/24/15,29.25,29.25,29.25,29.25,200800
06/22/15,28.75,29,28.75,28.75,106400
06/19/15,29,29.25,29,29,52800
06/18/15,29,29.25,29,29,42000
06/16/15,29.25,29.5,29,29.25,452000
06/15/15,28.75,29,28.75,28.75,176800
06/12/2015,29,29,29,29,147200
06/11/2015,28.75,29.75,28.75,28.75,404400
06/10/2015,28.75,29.5,28.75,28.75,64400
06/09/2015,28.75,29,28.75,28.75,82000
06/08/2015,29,29.5,29,29,94400
06/05/2015,29.25,29.25,29.25,29.25,3600
06/04/2015,29,29.5,29,29,40800
06/03/2015,29,29.25,29,29,85600
06/02/2015,29.5,30,29.25,29.5,8000
05/29/15,29.25,30,29.25,29.25,72000
05/28/15,30,30.5,30,30,23200
05/27/15,29,30,29,29,169600
05/22/15,30.25,30.25,30.25,30.25,800
05/08/2015,33.5,33.75,33,33.5,28400
05/05/2015,34.25,34.25,34.25,34.25,8000
05/04/2015,34.5,34.75,32.5,34.5,1025600
04/30/15,31.75,32.5,30,31.75,226000
04/29/15,31.25,32.5,30,31.25,242800
04/28/15,30.75,31.75,30.25,30.75,72400
04/27/15,30,30.25,30,30,661600
04/24/15,30.75,30.75,30,30.75,4008000
04/23/15,29,29,29,29,400
04/22/15,30,30.25,30,30,272000
04/21/15,30,30.75,30,30,110000
04/20/15,31.25,31.25,30.5,31.25,333600
04/16/15,30,30.5,30,30,96000
04/15/15,30.25,31,30.25,30.25,4400
04/14/15,30.75,31.25,30.25,30.75,337600
04/13/15,30,30.5,30,30,4000
04/10/2015,30.5,31.75,30.5,30.5,4400
04/09/2015,31.75,31.75,31.75,31.75,4400
04/08/2015,31.75,32,31.75,31.75,5200
04/07/2015,31.75,32.25,31.75,31.75,20800
04/02/2015,31.75,31.75,31.75,31.75,1168000
04/01/2015,31.75,31.75,31.75,31.75,2000
03/31/15,31.75,32.25,31.75,31.75,558800
03/27/15,31.25,31.25,31.25,31.25,38400
03/26/15,31.75,32,31.75,31.75,4000
03/25/15,32,32.25,32,32,4000
03/23/15,32.25,32.5,30,32.25,1016000
03/20/15,30,30,30,30,400
03/19/15,31.25,31.25,31.25,31.25,400
03/18/15,31.25,31.25,31.25,31.25,7600
03/17/15,31.25,31.25,31.25,31.25,58800
03/16/15,31.25,31.5,31.25,31.25,8800
03/13/15,31,31,31,31,28800
03/12/2015,31.5,31.5,31.5,31.5,2000
03/10/2015,31.75,31.75,31.75,31.75,400
03/09/2015,31.5,31.75,31.5,31.5,572400
03/05/2015,31.5,31.5,31.5,31.5,4000
03/04/2015,31.5,31.5,31.5,31.5,20800
02/26/15,31.5,32.5,31.5,31.5,18000
02/24/15,32,32,32,32,400
02/20/15,31.25,31.25,31.25,31.25,78400
02/19/15,32,32,32,32,4000
02/18/15,31,31,31,31,34400
02/17/15,30.75,31,30.5,30.75,61600
02/16/15,30.5,30.75,30.5,30.5,584400
02/13/15,30.5,30.75,30.5,30.5,27600
02/12/2015,30.25,30.5,30,30.25,694400
02/11/2015,30.25,31,30.25,30.25,2000
02/10/2015,30.25,30.25,30.25,30.25,800
02/09/2015,30.5,31,30.5,30.5,536000
02/06/2015,31,31,31,31,55200
02/04/2015,31,31,31,31,23200
02/03/2015,31,31,31,31,51600
02/02/2015,31,31,31,31,320000
01/30/15,31,31,31,31,20000
01/29/15,30,31,30,30,4000
01/28/15,30.5,31,30,30.5,11600
01/27/15,31,31,31,31,1200
01/26/15,30.75,31,30.75,30.75,60400
01/23/15,31,31.25,31,31,42800
01/22/15,31,31.25,31,31,12000
01/21/15,31.5,31.5,31.5,31.5,14000
01/16/15,31,31.25,31,31,5200
01/15/15,31.25,31.25,31.25,31.25,2000
01/14/15,31,31.25,31,31,2800
01/13/15,31.25,31.25,31.25,31.25,800
01/12/2015,31.25,31.25,31.25,31.25,20000
01/07/2015,30.5,31.25,30,30.5,144800
01/06/2015,30.75,31,30.75,30.75,29200
01/05/2015,31,31,31,31,1600
01/02/2015,31.25,31.25,31.25,31.25,6000
