Date, Open, High, Low, Close, Volume
11/28/25, 78.00, 78.00, 72.50, 77.25, 6757
11/27/25, 70.75, 72.50, 69.50, 71.00, 19289
11/26/25, 65.75, 66.00, 60.25, 66.00, 6319
11/25/25, 60.25, 60.25, 60.25, 60.25, 257
11/24/25, 65.75, 65.75, 65.75, 65.75, 123
11/21/25, 64.00, 64.75, 64.00, 64.50, 514
11/20/25, 64.00, 64.00, 60.25, 63.75, 865
11/19/25, 64.75, 64.75, 62.00, 63.25, 138
11/18/25, 62.75, 66.00, 62.00, 64.75, 580
11/17/25, 58.00, 64.00, 58.00, 62.75, 4792
11/14/25, 58.00, 60.50, 58.00, 58.25, 3345
11/13/25, 59.00, 60.00, 57.25, 59.00, 6048
11/12/25, 63.00, 63.00, 55.25, 60.50, 299
11/11/25, 62.00, 62.00, 60.00, 60.50, 67
11/10/25, 59.50, 61.75, 58.75, 60.50, 63
11/07/25, 60.00, 61.25, 59.50, 60.50, 1198
11/06/25, 59.25, 61.75, 59.25, 60.00, 498
11/05/25, 59.50, 59.50, 58.75, 59.25, 1257
11/04/25, 59.50, 59.50, 58.75, 59.50, 2466
11/03/25, 58.75, 60.00, 58.75, 59.50, 429
10/31/25, 60.00, 60.00, 58.75, 59.50, 31
10/30/25, 58.75, 60.00, 58.75, 59.50, 152
10/29/25, 57.00, 60.00, 57.00, 59.50, 222
10/28/25, 60.75, 60.75, 59.75, 60.00, 125
10/27/25, 63.25, 63.25, 60.00, 60.75, 765
10/24/25, 57.50, 60.00, 54.00, 60.00, 5349
10/23/25, 55.00, 59.00, 55.00, 57.50, 252
10/22/25, 55.00, 55.00, 55.00, 55.00, 195
10/21/25, 59.00, 59.75, 54.25, 58.25, 379
10/16/25, 59.75, 60.00, 57.00, 58.50, 259
10/15/25, 57.50, 59.75, 57.50, 58.25, 320
10/14/25, 57.00, 60.00, 57.00, 57.50, 721
10/13/25, 60.00, 60.00, 54.00, 56.25, 961
10/09/25, 56.00, 60.00, 56.00, 59.75, 1074
10/08/25, 59.50, 59.50, 56.00, 56.75, 760
10/07/25, 59.00, 60.00, 55.00, 56.00, 843
10/06/25, 59.00, 60.00, 59.00, 59.50, 192
10/03/25, 59.75, 60.00, 58.00, 59.25, 312
10/02/25, 58.00, 60.00, 57.00, 58.75, 1895
10/01/25, 58.75, 60.00, 54.50, 58.00, 384
09/30/25, 59.25, 59.50, 54.00, 58.75, 1602
09/29/25, 59.00, 59.50, 57.50, 59.25, 7096
09/26/25, 59.50, 59.50, 57.50, 59.50, 5223
09/25/25, 57.00, 60.00, 57.00, 57.50, 4388
09/24/25, 60.75, 60.75, 55.00, 57.00, 618
09/23/25, 60.75, 60.75, 57.25, 58.25, 9576
09/22/25, 60.00, 60.00, 57.25, 57.25, 5105
09/19/25, 58.75, 59.00, 53.50, 57.25, 2833
09/18/25, 54.00, 61.50, 54.00, 59.25, 3602
09/17/25, 58.50, 60.00, 56.00, 59.00, 9413
09/16/25, 56.00, 59.00, 56.00, 58.50, 608
09/15/25, 54.50, 59.00, 49.35, 56.00, 2025
09/12/25, 54.00, 54.00, 54.00, 54.00, 750
09/11/25, 54.00, 54.50, 51.00, 53.00, 16433
09/10/25, 55.00, 55.00, 54.00, 54.00, 1192
09/09/25, 54.50, 55.00, 53.50, 54.50, 1102
09/08/25, 55.00, 55.00, 54.50, 54.75, 2404
09/05/25, 53.50, 55.00, 48.20, 54.50, 4825
09/04/25, 56.00, 56.00, 52.00, 53.50, 4552
09/03/25, 58.50, 58.50, 56.00, 57.75, 1367
09/02/25, 57.00, 59.00, 57.00, 58.50, 843
09/01/25, 57.00, 57.00, 54.75, 56.75, 2496
08/29/25, 61.50, 61.50, 57.00, 60.75, 1617
08/28/25, 61.75, 61.75, 60.25, 61.75, 6618
08/27/25, 63.00, 63.00, 60.75, 61.75, 183
08/26/25, 60.25, 62.50, 57.00, 60.75, 9714
08/25/25, 63.00, 63.00, 61.00, 61.75, 711
08/22/25, 62.00, 63.00, 56.00, 60.25, 2307
08/21/25, 62.50, 62.75, 58.00, 62.00, 5579
08/20/25, 60.00, 62.75, 56.50, 58.25, 3690
08/19/25, 59.00, 64.25, 59.00, 62.75, 3994
08/18/25, 59.00, 60.50, 58.00, 58.50, 19056
08/15/25, 55.00, 55.00, 50.25, 55.00, 10067
08/14/25, 54.25, 55.00, 50.25, 53.75, 1304
08/13/25, 49.90, 53.25, 49.20, 50.25, 800
08/12/25, 49.00, 52.50, 49.00, 49.90, 24802
08/11/25, 47.00, 52.00, 47.00, 49.55, 30310
08/08/25, 49.00, 52.25, 46.00, 48.55, 19703
08/07/25, 47.00, 48.00, 47.00, 47.65, 1500
08/06/25, 47.50, 47.50, 47.00, 47.20, 1400
08/05/25, 45.70, 45.70, 45.60, 45.70, 1400
08/04/25, 46.00, 46.00, 45.70, 45.75, 1100
08/01/25, 52.25, 52.25, 48.00, 50.75, 5300
07/31/25, 49.05, 49.05, 43.05, 47.50, 2300
07/30/25, 44.95, 47.50, 43.05, 44.60, 4100
07/29/25, 43.05, 45.00, 43.05, 43.25, 1300
07/28/25, 46.75, 46.75, 43.00, 44.40, 14100
07/25/25, 47.75, 47.75, 47.75, 47.75, 1500
07/24/25, 45.50, 48.00, 45.50, 46.75, 200
07/23/25, 45.00, 45.00, 45.00, 45.00, 100
07/22/25, 50.00, 50.00, 43.60, 48.95, 600
07/21/25, 50.00, 50.00, 42.90, 48.40, 900
07/18/25, 52.25, 52.25, 42.90, 47.15, 5800
07/16/25, 47.50, 49.00, 47.50, 47.65, 3500
07/15/25, 47.00, 51.25, 42.50, 47.50, 5200
07/14/25, 47.00, 47.00, 45.00, 46.80, 13900
07/11/25, 43.90, 47.00, 43.90, 45.05, 25200
07/10/25, 44.00, 44.00, 42.00, 43.40, 22200
07/09/25, 39.50, 42.00, 39.50, 40.00, 41100
07/08/25, 41.00, 41.00, 39.50, 39.95, 12300
07/07/25, 42.90, 43.00, 40.00, 42.80, 6900
07/04/25, 39.50, 39.50, 38.00, 39.40, 1400
07/03/25, 39.50, 39.50, 39.50, 39.50, 500
07/02/25, 39.00, 39.50, 39.00, 39.00, 9300
07/01/25, 39.00, 39.00, 39.00, 39.00, 400
06/30/25, 33.75, 39.50, 33.75, 35.65, 2000
06/27/25, 36.00, 39.00, 36.00, 37.50, 200
06/26/25, 37.00, 37.00, 36.00, 36.05, 2100
06/25/25, 34.00, 34.50, 33.00, 34.05, 3000
06/24/25, 35.00, 35.00, 34.10, 34.50, 1500
06/23/25, 39.15, 40.15, 35.00, 37.80, 700
06/20/25, 40.15, 40.15, 36.50, 38.30, 400
06/19/25, 37.00, 40.15, 36.15, 39.15, 1100
06/18/25, 36.50, 36.50, 36.50, 36.50, 7700
06/17/25, 37.00, 37.00, 37.00, 37.00, 100
06/16/25, 36.00, 37.00, 36.00, 36.15, 600
06/13/25, 40.00, 40.00, 39.00, 39.95, 9600
06/12/25, 39.00, 39.15, 39.00, 39.00, 700
06/11/25, 35.35, 38.85, 35.00, 36.05, 5000
06/10/25, 34.50, 35.50, 34.50, 35.35, 900
06/09/25, 32.50, 32.50, 32.50, 32.50, 400
06/05/25, 30.00, 32.50, 30.00, 30.50, 500
06/04/25, 31.00, 31.00, 28.25, 29.65, 200
06/03/25, 28.00, 28.20, 28.00, 28.20, 4900
05/30/25, 28.00, 28.00, 28.00, 28.00, 100
05/29/25, 30.00, 30.00, 30.00, 30.00, 1600
05/28/25, 33.00, 33.00, 31.25, 32.55, 4800
05/27/25, 36.00, 36.00, 33.00, 34.70, 700
05/26/25, 36.00, 36.00, 36.00, 36.00, 1000
05/23/25, 39.00, 39.00, 39.00, 39.00, 100
05/22/25, 39.00, 39.00, 39.00, 39.00, 200
05/20/25, 39.00, 39.00, 39.00, 39.00, 200
05/19/25, 40.00, 40.00, 38.00, 39.00, 200
05/16/25, 40.00, 40.00, 40.00, 40.00, 100
05/14/25, 40.00, 40.00, 40.00, 40.00, 400
05/13/25, 40.00, 40.00, 40.00, 40.00, 600
05/09/25, 40.00, 40.00, 40.00, 40.00, 100
05/08/25, 36.00, 39.00, 36.00, 38.95, 18600
05/06/25, 38.00, 38.00, 38.00, 38.00, 800
05/05/25, 38.00, 38.00, 38.00, 38.00, 200
05/02/25, 38.95, 38.95, 38.95, 38.95, 200
04/30/25, 38.95, 38.95, 38.95, 38.95, 2100
04/28/25, 38.95, 38.95, 38.95, 38.95, 2300
04/25/25, 38.95, 38.95, 38.95, 38.95, 200
04/23/25, 38.00, 40.00, 38.00, 38.95, 12600
04/22/25, 42.90, 42.90, 39.00, 40.95, 200
04/16/25, 39.00, 39.00, 39.00, 39.00, 200
04/14/25, 38.00, 40.00, 38.00, 39.00, 200
04/10/25, 38.00, 38.00, 38.00, 38.00, 3500
04/09/25, 38.00, 38.00, 38.00, 38.00, 1400
04/08/25, 38.00, 39.00, 38.00, 38.25, 2400
04/07/25, 39.00, 39.00, 39.00, 39.00, 100
04/04/25, 40.00, 40.00, 40.00, 40.00, 900
04/03/25, 40.00, 40.00, 40.00, 40.00, 19500
04/02/25, 38.00, 38.10, 38.00, 38.00, 1800
04/01/25, 38.00, 42.00, 38.00, 39.35, 1200
03/28/25, 40.00, 41.00, 40.00, 40.25, 800
03/27/25, 38.00, 38.00, 38.00, 38.00, 600
03/26/25, 40.00, 40.00, 40.00, 40.00, 5600
03/25/25, 42.00, 42.00, 42.00, 42.00, 100
03/24/25, 42.00, 42.00, 38.00, 40.65, 2100
03/21/25, 40.00, 40.00, 40.00, 40.00, 200
03/20/25, 42.00, 42.00, 40.00, 41.40, 500
03/19/25, 39.00, 39.00, 39.00, 39.00, 600
03/18/25, 42.00, 42.00, 42.00, 42.00, 500
03/17/25, 39.00, 39.00, 39.00, 39.00, 400
03/14/25, 38.00, 38.00, 38.00, 38.00, 1000
03/13/25, 38.00, 39.00, 38.00, 38.05, 19600
03/12/25, 38.00, 38.00, 38.00, 38.00, 12700
03/11/25, 38.00, 39.00, 37.50, 38.10, 17100
03/10/25, 38.00, 38.00, 38.00, 38.00, 100
03/07/25, 38.00, 38.00, 38.00, 38.00, 200
03/06/25, 38.00, 38.00, 37.90, 37.95, 31700
03/05/25, 38.00, 38.00, 38.00, 38.00, 500
03/04/25, 36.85, 39.25, 34.00, 38.75, 15300
03/03/25, 34.00, 36.85, 34.00, 35.70, 2200
02/28/25, 33.50, 33.50, 33.50, 33.50, 100
02/27/25, 33.00, 33.00, 33.00, 33.00, 300
02/26/25, 33.50, 33.60, 33.50, 33.50, 500
02/25/25, 34.00, 36.00, 33.50, 33.65, 7800
02/24/25, 32.00, 37.45, 32.00, 36.95, 1400
02/21/25, 35.00, 37.00, 32.00, 34.05, 1900
02/19/25, 36.00, 36.00, 35.00, 35.00, 7800
02/18/25, 35.00, 38.00, 35.00, 35.25, 8500
02/17/25, 38.35, 38.35, 35.10, 36.15, 400
02/14/25, 35.00, 38.35, 35.00, 35.90, 2500
02/13/25, 32.80, 35.50, 32.80, 34.90, 4600
02/12/25, 32.00, 35.20, 32.00, 32.80, 2600
02/11/25, 32.00, 32.00, 32.00, 32.00, 3400
02/10/25, 30.60, 33.45, 30.60, 32.00, 5400
02/07/25, 30.00, 30.60, 30.00, 30.45, 4100
02/06/25, 27.80, 27.85, 27.80, 27.85, 400
02/04/25, 28.00, 29.00, 27.00, 27.80, 1500
02/03/25, 28.00, 28.00, 26.40, 27.95, 18300
01/31/25, 27.00, 27.00, 27.00, 27.00, 500
01/30/25, 29.00, 29.50, 26.35, 29.00, 1300
01/29/25, 28.00, 28.00, 26.35, 27.45, 300
01/28/25, 28.80, 28.85, 28.70, 28.85, 16400
01/27/25, 25.50, 27.30, 25.50, 26.25, 4600
01/24/25, 25.00, 27.00, 24.50, 24.90, 3200
01/23/25, 25.20, 25.20, 25.00, 25.05, 1300
01/22/25, 27.60, 30.25, 24.75, 25.20, 11000
01/21/25, 27.50, 27.60, 27.50, 27.50, 1200
01/20/25, 27.20, 27.20, 27.20, 27.20, 2700
01/17/25, 27.20, 28.45, 27.20, 27.90, 1900
01/16/25, 25.05, 28.45, 25.05, 27.20, 5100
01/15/25, 25.40, 26.85, 25.05, 25.90, 2500
01/14/25, 25.00, 25.50, 25.00, 25.40, 5000
01/13/25, 27.00, 27.00, 24.75, 26.15, 1000
01/10/25, 28.35, 28.95, 26.00, 27.50, 3800
01/09/25, 27.00, 28.95, 27.00, 28.00, 1000
01/08/25, 29.00, 29.95, 27.00, 28.35, 6300
01/07/25, 29.05, 30.00, 28.00, 29.50, 1900
01/06/25, 29.00, 33.75, 28.00, 28.25, 12100
01/03/25, 29.05, 31.50, 29.05, 30.70, 300
01/02/25, 29.00, 30.00, 28.00, 29.05, 3200
12/31/24, 29.00, 33.00, 29.00, 30.60, 10200
12/30/24, 31.00, 31.00, 31.00, 31.00, 200
12/27/24, 31.00, 32.75, 31.00, 31.30, 3200
12/24/24, 32.00, 32.50, 32.00, 32.25, 200
12/23/24, 35.00, 35.00, 32.00, 32.85, 1900
12/20/24, 32.65, 32.65, 32.00, 32.55, 800
12/19/24, 30.00, 35.25, 30.00, 32.65, 200
12/18/24, 34.00, 34.00, 31.80, 32.10, 2100
12/16/24, 32.00, 32.00, 30.00, 31.80, 900
12/13/24, 32.00, 35.95, 32.00, 32.45, 3500
12/11/24, 35.40, 35.40, 35.40, 35.40, 100
12/10/24, 35.95, 35.95, 32.00, 32.20, 9000
12/09/24, 35.50, 35.75, 32.00, 35.55, 6500
12/06/24, 33.50, 35.75, 33.50, 33.90, 2400
12/05/24, 35.00, 35.00, 33.40, 35.00, 29500
12/04/24, 35.00, 35.00, 35.00, 35.00, 200
12/03/24, 35.00, 35.00, 35.00, 35.00, 1500
12/02/24, 35.00, 35.00, 35.00, 35.00, 400
11/29/24, 33.00, 35.80, 33.00, 33.40, 5500
11/28/24, 32.50, 36.00, 32.40, 32.55, 8700
11/27/24, 34.50, 36.00, 34.50, 36.00, 6000
11/26/24, 37.00, 37.35, 35.00, 36.60, 12600
11/25/24, 37.00, 38.00, 37.00, 37.35, 1500
11/22/24, 36.60, 36.60, 36.60, 36.60, 21400
11/21/24, 36.60, 36.60, 32.00, 33.30, 1400
11/20/24, 34.85, 34.85, 31.40, 33.30, 6300
11/19/24, 35.20, 35.20, 34.85, 34.85, 21700
11/18/24, 40.00, 40.00, 38.50, 38.70, 5000
11/15/24, 43.00, 43.00, 42.25, 42.75, 12200
11/14/24, 47.25, 47.35, 40.00, 46.90, 6000
11/13/24, 43.05, 43.05, 43.05, 43.05, 2300
11/12/24, 38.65, 42.15, 38.65, 39.15, 22000
11/11/24, 35.50, 38.70, 35.50, 38.35, 16000
11/08/24, 35.20, 35.20, 35.20, 35.20, 5000
11/07/24, 32.00, 32.00, 32.00, 32.00, 3200
11/06/24, 29.00, 30.50, 29.00, 29.10, 11900
11/05/24, 29.00, 32.15, 29.00, 29.80, 3800
11/04/24, 32.15, 32.15, 29.00, 31.45, 6100
10/31/24, 29.30, 32.15, 29.30, 31.90, 1100
10/30/24, 29.25, 29.25, 29.25, 29.25, 11800
10/29/24, 26.60, 26.60, 26.60, 26.60, 1900
10/28/24, 24.20, 24.20, 24.20, 24.20, 600
10/25/24, 20.00, 22.55, 20.00, 22.00, 3000
10/24/24, 19.75, 21.90, 19.75, 20.50, 8600
10/23/24, 21.90, 21.90, 21.90, 21.90, 2100
10/22/24, 24.30, 24.30, 24.30, 24.30, 1900
10/18/24, 27.00, 27.00, 27.00, 27.00, 3400
10/17/24, 29.95, 29.95, 29.95, 29.95, 100
10/16/24, 33.25, 33.25, 33.25, 33.25, 700
10/15/24, 36.90, 36.90, 36.90, 36.90, 7000
10/14/24, 40.95, 40.95, 40.95, 40.95, 200
10/11/24, 45.45, 45.45, 45.45, 45.45, 100
10/08/24, 55.75, 55.75, 45.70, 50.50, 12000
10/07/24, 50.75, 50.75, 50.75, 50.75, 22500
10/04/24, 46.25, 46.25, 46.25, 46.25, 10300
10/03/24, 42.05, 42.05, 42.00, 42.05, 16400
10/02/24, 38.25, 38.25, 38.25, 38.25, 700
10/01/24, 34.80, 34.80, 34.80, 34.80, 7100
09/30/24, 31.65, 31.65, 31.65, 31.65, 2200
09/27/24, 29.00, 29.00, 28.00, 28.80, 24700
09/26/24, 26.40, 26.40, 26.40, 26.40, 1200
09/25/24, 24.00, 24.00, 24.00, 24.00, 3600
09/24/24, 21.85, 21.85, 21.85, 21.85, 4800
09/23/24, 19.00, 20.15, 19.00, 19.90, 2700
09/20/24, 17.20, 18.85, 17.15, 18.35, 4100
09/19/24, 17.05, 17.15, 17.00, 17.15, 9100
09/18/24, 15.60, 15.60, 15.60, 15.60, 15100
09/17/24, 14.50, 14.50, 14.00, 14.20, 5800
09/16/24, 12.20, 13.40, 12.20, 13.35, 2300
09/13/24, 12.20, 12.20, 12.20, 12.20, 1000
09/12/24, 11.10, 11.10, 11.10, 11.10, 4600
09/11/24, 10.10, 10.10, 10.10, 10.10, 100
09/10/24, 9.40, 10.25, 9.40, 10.10, 2700
09/09/24, 9.34, 9.34, 9.34, 9.34, 400
09/06/24, 9.34, 9.34, 9.34, 9.34, 3000
09/05/24, 8.50, 8.50, 8.50, 8.50, 800
09/04/24, 8.50, 8.50, 8.50, 8.50, 700
08/30/24, 7.72, 8.00, 7.70, 7.82, 17800
08/28/24, 7.32, 7.72, 7.32, 7.56, 500
08/27/24, 7.30, 7.50, 7.30, 7.36, 4600
08/26/24, 7.40, 7.40, 6.80, 7.02, 500
08/23/24, 7.30, 7.30, 7.30, 7.30, 700
08/22/24, 7.40, 7.40, 7.40, 7.40, 100
08/20/24, 6.80, 6.80, 6.80, 6.80, 500
08/16/24, 6.76, 6.76, 6.76, 6.76, 100
08/15/24, 6.76, 6.76, 6.76, 6.76, 1000
08/14/24, 7.50, 7.50, 7.50, 7.50, 200
08/13/24, 7.20, 7.50, 7.20, 7.50, 29800
08/12/24, 7.30, 7.50, 6.58, 7.20, 5400
08/09/24, 7.30, 7.30, 7.30, 7.30, 400
08/08/24, 6.64, 6.64, 6.64, 6.64, 200
08/07/24, 7.20, 7.38, 7.20, 7.36, 12000
08/06/24, 6.84, 6.84, 6.84, 6.84, 2300
08/05/24, 6.68, 6.98, 6.68, 6.84, 200
08/02/24, 7.40, 7.70, 6.48, 7.42, 13900
08/01/24, 7.20, 7.20, 7.20, 7.20, 15500
07/31/24, 7.10, 7.46, 7.10, 7.36, 23600
07/30/24, 7.30, 7.30, 7.30, 7.30, 65400
07/26/24, 7.00, 7.40, 7.00, 7.30, 14100
07/25/24, 6.78, 6.80, 6.78, 6.80, 24800
07/24/24, 6.20, 6.80, 6.20, 6.38, 1900
07/23/24, 6.20, 6.26, 6.10, 6.22, 3000
07/22/24, 5.50, 5.88, 5.50, 5.70, 200
07/19/24, 5.22, 5.72, 5.22, 5.36, 4100
07/18/24, 5.20, 5.22, 5.20, 5.20, 1100
07/17/24, 4.76, 4.88, 4.76, 4.76, 4100
07/10/24, 4.46, 4.46, 4.46, 4.46, 100
07/08/24, 4.90, 5.30, 4.38, 4.64, 69900
07/05/24, 5.00, 5.20, 4.64, 4.86, 3100
07/03/24, 5.02, 5.20, 5.02, 5.14, 3300
07/02/24, 4.55, 5.00, 4.55, 4.91, 500
07/01/24, 4.64, 4.64, 4.52, 4.55, 26600
06/28/24, 5.04, 5.04, 4.52, 4.99, 21200
06/26/24, 5.52, 6.04, 4.98, 5.02, 6000
06/25/24, 5.00, 5.84, 5.00, 5.52, 3100
06/24/24, 5.74, 5.74, 5.18, 5.32, 5600
06/21/24, 5.94, 6.50, 5.36, 5.74, 28300
06/18/24, 6.44, 6.44, 5.80, 5.94, 20800
06/14/24, 7.36, 7.36, 6.20, 6.44, 8300
06/13/24, 6.42, 7.80, 6.42, 6.70, 6800
06/12/24, 6.76, 7.78, 6.76, 7.12, 5200
06/11/24, 7.10, 7.10, 7.10, 7.10, 300
06/10/24, 7.50, 7.50, 7.50, 7.50, 700
06/07/24, 7.50, 7.78, 7.50, 7.64, 200
06/05/24, 7.70, 7.80, 7.70, 7.78, 800
06/04/24, 7.10, 7.10, 7.10, 7.10, 100
05/31/24, 7.10, 7.10, 7.10, 7.10, 500
05/30/24, 7.10, 7.10, 7.10, 7.10, 500
05/29/24, 7.00, 7.10, 7.00, 7.10, 7500
05/28/24, 7.00, 7.16, 7.00, 7.00, 2100
05/27/24, 7.16, 7.16, 7.00, 7.10, 400
05/24/24, 7.10, 7.10, 7.00, 7.08, 500
05/23/24, 6.54, 6.54, 6.54, 6.54, 1500
05/22/24, 5.96, 5.96, 5.96, 5.96, 100
05/21/24, 5.90, 6.28, 5.90, 5.96, 2400
05/17/24, 6.96, 6.96, 6.30, 6.32, 21600
05/16/24, 6.98, 7.36, 6.72, 6.96, 500
05/15/24, 6.46, 6.98, 6.46, 6.72, 200
05/14/24, 6.02, 6.50, 6.02, 6.46, 1400
05/13/24, 6.50, 6.50, 5.84, 6.00, 5300
05/09/24, 6.48, 6.48, 6.48, 6.48, 900
05/08/24, 6.98, 6.98, 5.86, 5.94, 6900
05/07/24, 6.50, 6.50, 6.00, 6.38, 2000
05/06/24, 6.58, 6.58, 6.58, 6.58, 7600
05/03/24, 6.50, 7.30, 6.50, 6.90, 400
05/02/24, 6.66, 6.66, 6.66, 6.66, 1000
04/30/24, 7.00, 7.20, 7.00, 7.16, 1300
04/26/24, 6.66, 6.66, 6.66, 6.66, 100
04/25/24, 6.68, 6.68, 6.52, 6.66, 900
04/24/24, 7.10, 7.10, 6.40, 6.68, 2200
04/23/24, 7.10, 7.10, 7.10, 7.10, 500
04/22/24, 7.02, 7.72, 7.02, 7.60, 600
04/19/24, 7.02, 7.02, 7.02, 7.02, 1000
04/17/24, 7.80, 7.80, 7.80, 7.80, 200
04/16/24, 8.00, 8.00, 7.20, 7.94, 2700
04/12/24, 7.50, 7.50, 7.50, 7.50, 1500
04/11/24, 7.20, 7.20, 7.20, 7.20, 100
04/09/24, 7.20, 7.20, 7.20, 7.20, 300
04/08/24, 7.92, 7.92, 7.92, 7.92, 200
03/27/24, 8.00, 8.00, 7.20, 7.92, 2200
03/25/24, 8.00, 8.00, 8.00, 8.00, 800
03/21/24, 8.00, 8.00, 8.00, 8.00, 8900
03/20/24, 8.00, 8.00, 8.00, 8.00, 8800
03/19/24, 8.00, 8.00, 8.00, 8.00, 1100
03/14/24, 8.50, 8.50, 8.50, 8.50, 100
03/13/24, 8.50, 8.50, 8.10, 8.14, 1200
02/28/24, 9.00, 9.00, 9.00, 9.00, 100
02/22/24, 9.00, 9.00, 9.00, 9.00, 100
02/21/24, 9.40, 9.40, 9.40, 9.40, 100
02/20/24, 8.76, 8.76, 8.76, 8.76, 200
02/15/24, 8.50, 9.00, 8.50, 8.76, 800
02/14/24, 8.50, 8.50, 8.50, 8.50, 100
02/12/24, 7.94, 8.00, 7.94, 8.00, 2400
02/06/24, 8.00, 8.00, 8.00, 8.00, 2600
02/01/24, 8.00, 8.00, 8.00, 8.00, 300
01/31/24, 8.00, 8.00, 8.00, 8.00, 100
01/29/24, 8.00, 8.00, 8.00, 8.00, 200
01/18/24, 8.00, 8.00, 8.00, 8.00, 1600
01/09/24, 8.00, 8.00, 8.00, 8.00, 200
01/03/24, 8.00, 8.00, 8.00, 8.00, 1400
12/29/23, 8.00, 8.00, 8.00, 8.00, 2400
12/28/23, 8.00, 8.00, 8.00, 8.00, 100
12/21/23, 8.00, 8.00, 8.00, 8.00, 1100
12/19/23, 8.72, 8.72, 8.72, 8.72, 800
12/13/23, 8.72, 8.72, 8.72, 8.72, 200
12/06/23, 8.50, 9.00, 8.50, 8.72, 1400
12/01/23, 9.34, 9.34, 9.34, 9.34, 100
11/24/23, 8.50, 8.50, 8.50, 8.50, 200
11/23/23, 8.50, 8.78, 8.50, 8.72, 400
11/17/23, 9.00, 9.00, 8.10, 8.48, 700
11/16/23, 9.00, 9.00, 9.00, 9.00, 500
11/10/23, 9.00, 9.00, 9.00, 9.00, 300
11/09/23, 9.00, 9.00, 9.00, 9.00, 2200
11/08/23, 9.00, 9.00, 9.00, 9.00, 400
11/07/23, 9.50, 9.50, 9.00, 9.26, 600
11/06/23, 9.00, 9.00, 9.00, 9.00, 100
11/03/23, 9.00, 9.00, 9.00, 9.00, 2000
11/02/23, 9.00, 9.00, 9.00, 9.00, 6700
11/01/23, 9.00, 9.00, 9.00, 9.00, 400
10/31/23, 8.84, 9.50, 8.84, 9.14, 2400
10/27/23, 8.90, 8.90, 8.80, 8.82, 4400
10/26/23, 8.50, 8.92, 8.50, 8.76, 6700
10/25/23, 8.50, 8.50, 8.50, 8.50, 200
10/23/23, 8.20, 8.50, 8.20, 8.28, 400
10/19/23, 8.20, 8.20, 8.20, 8.20, 600
10/18/23, 8.20, 8.20, 8.20, 8.20, 2800
10/17/23, 8.00, 8.00, 8.00, 8.00, 2500
10/16/23, 7.30, 7.50, 7.30, 7.38, 5900
10/06/23, 7.30, 7.30, 7.30, 7.30, 100
10/04/23, 7.30, 7.30, 7.30, 7.30, 100
10/02/23, 7.00, 7.00, 7.00, 7.00, 500
09/28/23, 7.40, 7.40, 7.40, 7.40, 100
09/27/23, 7.40, 7.40, 7.40, 7.40, 200
09/22/23, 7.40, 7.40, 7.40, 7.40, 100
09/15/23, 7.40, 7.40, 7.40, 7.40, 100
09/12/23, 6.70, 7.14, 6.70, 6.74, 2200
09/11/23, 6.50, 6.50, 6.50, 6.50, 300
08/23/23, 6.20, 6.80, 6.20, 6.22, 2400
08/22/23, 7.00, 7.20, 6.30, 6.80, 8600
08/21/23, 7.00, 7.00, 7.00, 7.00, 100
08/18/23, 7.00, 7.00, 7.00, 7.00, 200
08/17/23, 6.80, 6.80, 6.80, 6.80, 100
08/15/23, 7.00, 7.00, 7.00, 7.00, 1200
08/14/23, 7.00, 7.00, 7.00, 7.00, 13500
08/11/23, 6.50, 6.50, 6.50, 6.50, 100
08/09/23, 7.32, 7.32, 7.00, 7.16, 200
08/04/23, 7.30, 7.32, 7.30, 7.32, 1000
08/03/23, 7.32, 7.32, 7.32, 7.32, 200
07/31/23, 7.16, 7.16, 7.16, 7.16, 100
07/19/23, 6.52, 6.52, 6.52, 6.52, 200
07/18/23, 6.52, 6.52, 6.52, 6.52, 2300
07/17/23, 7.10, 7.10, 7.04, 7.08, 5300
07/14/23, 7.02, 7.02, 7.02, 7.02, 700
07/13/23, 6.40, 6.40, 6.40, 6.40, 100
07/11/23, 6.50, 6.50, 6.50, 6.50, 200
07/07/23, 6.50, 6.50, 6.50, 6.50, 1500
07/06/23, 6.50, 6.50, 5.90, 6.36, 400
07/05/23, 6.46, 6.74, 6.46, 6.48, 2100
07/03/23, 6.50, 6.50, 6.04, 6.14, 900
06/30/23, 6.40, 6.40, 5.96, 6.04, 600
06/29/23, 6.40, 6.40, 5.90, 5.96, 1800
06/27/23, 6.04, 6.04, 6.04, 6.04, 200
06/26/23, 6.50, 6.50, 6.50, 6.50, 100
06/23/23, 5.94, 6.52, 5.94, 6.04, 1200
06/22/23, 5.94, 5.94, 5.94, 5.94, 3000
06/21/23, 5.38, 5.94, 5.38, 5.42, 4400
06/20/23, 5.40, 5.40, 5.40, 5.40, 200
06/19/23, 5.40, 5.60, 5.14, 5.32, 1400
06/16/23, 6.50, 6.50, 5.40, 5.68, 2100
06/15/23, 5.60, 6.14, 5.60, 5.98, 2600
06/14/23, 5.60, 5.60, 5.60, 5.60, 200
06/09/23, 6.18, 6.18, 6.18, 6.18, 100
06/08/23, 6.18, 6.18, 6.18, 6.18, 100
06/07/23, 6.18, 6.18, 6.18, 6.18, 100
06/05/23, 6.00, 6.18, 6.00, 6.10, 200
06/02/23, 6.00, 6.00, 6.00, 6.00, 200
05/30/23, 5.80, 5.80, 5.80, 5.80, 200
05/29/23, 5.80, 5.80, 5.80, 5.80, 400
05/26/23, 5.80, 5.80, 5.80, 5.80, 400
05/25/23, 5.98, 5.98, 5.98, 5.98, 500
05/24/23, 5.98, 5.98, 5.98, 5.98, 600
05/23/23, 5.98, 5.98, 5.80, 5.90, 400
05/22/23, 5.50, 5.50, 5.50, 5.50, 1000
05/19/23, 5.98, 5.98, 5.98, 5.98, 200
05/18/23, 5.90, 6.00, 5.90, 5.98, 400
05/17/23, 5.52, 5.52, 5.52, 5.52, 700
05/08/23, 5.70, 5.70, 5.70, 5.70, 2000
05/05/23, 6.30, 6.30, 6.30, 6.30, 300
05/04/23, 6.90, 6.90, 6.90, 6.90, 300
05/02/23, 7.00, 7.00, 7.00, 7.00, 100
04/24/23, 7.00, 7.00, 7.00, 7.00, 600
04/17/23, 6.90, 7.10, 6.90, 7.04, 600
04/14/23, 6.90, 6.90, 6.90, 6.90, 100
04/13/23, 6.30, 6.30, 6.30, 6.30, 300
04/11/23, 6.40, 6.60, 6.40, 6.58, 1000
04/06/23, 6.30, 6.30, 6.30, 6.30, 1200
04/03/23, 6.50, 6.52, 6.50, 6.52, 1300
03/31/23, 6.50, 6.50, 5.92, 5.94, 2200
03/28/23, 6.36, 6.36, 6.36, 6.36, 400
03/24/23, 5.80, 6.90, 5.80, 6.36, 400
03/21/23, 6.30, 6.30, 6.30, 6.30, 100
03/15/23, 6.30, 6.30, 6.30, 6.30, 200
03/10/23, 6.30, 6.30, 6.30, 6.30, 1000
03/09/23, 6.80, 6.80, 6.80, 6.80, 200
02/27/23, 7.00, 7.00, 7.00, 7.00, 700
02/24/23, 6.50, 6.78, 6.50, 6.56, 1400
02/22/23, 6.50, 6.50, 6.50, 6.50, 100
02/20/23, 6.60, 6.60, 6.60, 6.60, 100
02/17/23, 6.02, 6.02, 6.02, 6.02, 2300
02/16/23, 6.16, 6.16, 6.16, 6.16, 3000
02/14/23, 6.16, 6.16, 6.14, 6.16, 1200
02/08/23, 6.10, 6.50, 6.04, 6.16, 2600
02/07/23, 6.70, 6.70, 6.70, 6.70, 200
02/06/23, 6.20, 6.20, 6.00, 6.10, 600
01/31/23, 6.38, 6.38, 6.38, 6.38, 700
01/30/23, 6.38, 6.38, 6.20, 6.32, 300
01/26/23, 6.94, 6.94, 6.26, 6.38, 1200
01/25/23, 6.94, 6.94, 6.94, 6.94, 700
01/20/23, 6.94, 6.94, 6.94, 6.94, 100
01/18/23, 6.94, 6.94, 6.60, 6.92, 2600
01/13/23, 7.50, 7.50, 6.88, 6.94, 1000
01/12/23, 7.50, 7.50, 7.50, 7.50, 100
01/11/23, 8.00, 8.00, 8.00, 8.00, 1000
01/09/23, 7.46, 8.00, 7.46, 7.64, 300
01/05/23, 7.46, 7.46, 7.46, 7.46, 100
12/28/22, 7.46, 7.46, 6.14, 6.80, 200
12/22/22, 6.80, 6.80, 6.80, 6.80, 100
12/21/22, 6.78, 6.80, 6.78, 6.80, 1400
12/20/22, 6.78, 6.78, 6.78, 6.78, 700
12/19/22, 6.80, 6.80, 6.80, 6.80, 1100
12/16/22, 7.40, 7.96, 6.66, 6.80, 2700
12/14/22, 7.38, 7.38, 7.38, 7.38, 100
12/13/22, 7.38, 7.38, 7.38, 7.38, 500
12/09/22, 7.38, 7.38, 7.38, 7.38, 1000
12/08/22, 7.40, 7.40, 7.40, 7.40, 2000
12/07/22, 7.98, 7.98, 7.98, 7.98, 100
12/05/22, 7.50, 7.50, 7.50, 7.50, 200
12/02/22, 7.92, 7.92, 7.92, 7.92, 100
11/24/22, 7.98, 7.98, 7.98, 7.98, 100
11/22/22, 7.50, 8.00, 7.50, 7.88, 2500
11/18/22, 7.80, 7.90, 7.60, 7.80, 3000
11/17/22, 7.50, 7.50, 7.50, 7.50, 300
11/15/22, 7.50, 7.50, 7.50, 7.50, 100
11/14/22, 7.50, 7.50, 7.50, 7.50, 1200
11/11/22, 7.50, 7.50, 7.50, 7.50, 2500
11/10/22, 7.50, 7.50, 7.50, 7.50, 600
11/09/22, 7.80, 7.80, 7.80, 7.80, 100
11/04/22, 7.80, 7.80, 7.80, 7.80, 200
11/02/22, 7.80, 7.80, 7.80, 7.80, 100
11/01/22, 7.80, 7.80, 7.80, 7.80, 100
10/28/22, 7.90, 7.90, 7.90, 7.90, 100
10/27/22, 7.90, 7.90, 7.90, 7.90, 100
10/25/22, 7.98, 8.00, 7.98, 8.00, 5800
10/24/22, 7.90, 8.00, 7.90, 7.98, 400
10/21/22, 8.00, 8.00, 8.00, 8.00, 100
10/19/22, 7.90, 7.90, 7.90, 7.90, 8200
10/18/22, 8.00, 8.00, 8.00, 8.00, 200
10/17/22, 7.90, 7.90, 7.90, 7.90, 1200
10/14/22, 7.90, 7.90, 7.90, 7.90, 1100
10/13/22, 7.90, 7.90, 7.90, 7.90, 100
10/11/22, 7.98, 7.98, 7.90, 7.98, 2700
10/07/22, 8.00, 8.00, 8.00, 8.00, 100
10/06/22, 7.46, 7.46, 7.46, 7.46, 600
10/05/22, 7.46, 7.46, 7.46, 7.46, 1200
10/04/22, 7.40, 7.40, 7.40, 7.40, 300
09/29/22, 7.46, 7.46, 7.46, 7.46, 100
09/28/22, 7.34, 7.46, 7.34, 7.46, 1700
09/27/22, 8.00, 8.00, 7.00, 7.34, 3300
09/26/22, 7.48, 7.48, 7.48, 7.48, 700
09/23/22, 7.46, 7.48, 7.46, 7.46, 500
09/21/22, 6.78, 6.80, 6.78, 6.80, 1100
09/20/22, 7.00, 7.00, 7.00, 7.00, 600
09/16/22, 6.86, 7.00, 6.40, 6.78, 900
09/15/22, 7.50, 7.50, 6.86, 7.08, 300
09/14/22, 7.64, 7.64, 7.50, 7.60, 300
09/12/22, 7.64, 7.64, 7.64, 7.64, 300
09/07/22, 7.64, 7.64, 7.64, 7.64, 1000
09/06/22, 6.96, 6.96, 6.96, 6.96, 100
09/05/22, 7.70, 7.70, 7.70, 7.70, 100
09/02/22, 8.40, 8.40, 8.40, 8.40, 400
09/01/22, 7.70, 7.70, 7.70, 7.70, 300
08/31/22, 7.70, 7.70, 7.50, 7.54, 600
08/29/22, 7.70, 7.70, 7.70, 7.70, 100
08/26/22, 7.50, 7.50, 7.50, 7.50, 500
08/22/22, 7.70, 7.70, 7.70, 7.70, 200
08/19/22, 7.50, 7.70, 7.50, 7.60, 600
08/17/22, 7.50, 7.50, 7.50, 7.50, 100
08/05/22, 7.64, 7.64, 7.64, 7.64, 2700
08/01/22, 7.70, 7.70, 7.70, 7.70, 1000
07/27/22, 7.70, 7.70, 7.70, 7.70, 7600
07/26/22, 7.70, 7.70, 7.70, 7.70, 1000
07/25/22, 7.80, 7.80, 7.80, 7.80, 1000
07/22/22, 7.70, 7.70, 7.70, 7.70, 1000
07/20/22, 7.20, 7.40, 7.20, 7.20, 10900
07/19/22, 7.20, 7.20, 7.20, 7.20, 1300
07/18/22, 7.20, 7.20, 7.20, 7.20, 1500
07/14/22, 7.50, 7.50, 7.30, 7.32, 1900
07/13/22, 7.56, 7.56, 7.56, 7.56, 200
07/12/22, 7.56, 7.56, 7.56, 7.56, 1000
07/08/22, 8.40, 8.40, 8.40, 8.40, 200
07/06/22, 8.40, 8.40, 8.40, 8.40, 200
07/05/22, 8.30, 8.40, 8.30, 8.34, 1400
07/04/22, 8.10, 8.10, 8.10, 8.10, 100
07/01/22, 8.40, 8.40, 8.40, 8.40, 100
06/30/22, 8.00, 8.00, 8.00, 8.00, 100
06/28/22, 8.80, 8.80, 8.60, 8.76, 500
06/24/22, 8.80, 8.80, 8.62, 8.72, 200
06/23/22, 8.80, 8.80, 8.80, 8.80, 400
06/22/22, 8.80, 8.80, 8.80, 8.80, 500
06/21/22, 8.00, 8.00, 8.00, 8.00, 400
06/17/22, 7.68, 7.68, 7.68, 7.68, 100
06/16/22, 7.60, 7.60, 7.60, 7.60, 200
06/14/22, 7.50, 7.50, 7.50, 7.50, 400
06/03/22, 7.80, 7.80, 7.80, 7.80, 500
06/02/22, 7.80, 7.80, 7.80, 7.80, 1000
05/27/22, 7.80, 7.80, 7.80, 7.80, 200
05/25/22, 7.80, 7.80, 7.80, 7.80, 100
05/23/22, 7.70, 7.70, 7.00, 7.10, 700
05/20/22, 7.00, 7.70, 7.00, 7.24, 300
05/19/22, 7.00, 7.00, 7.00, 7.00, 200
05/17/22, 7.00, 7.00, 7.00, 7.00, 200
05/16/22, 6.94, 6.94, 6.94, 6.94, 300
05/11/22, 6.94, 6.94, 6.94, 6.94, 100
05/09/22, 6.94, 6.94, 6.94, 6.94, 100
04/28/22, 6.94, 6.94, 6.94, 6.94, 200
04/27/22, 6.32, 6.50, 6.32, 6.42, 200
04/26/22, 6.32, 6.32, 6.32, 6.32, 4000
04/20/22, 6.32, 6.32, 6.32, 6.32, 100
04/19/22, 6.50, 6.50, 6.32, 6.34, 1100
04/11/22, 6.32, 6.32, 6.32, 6.32, 100
04/08/22, 7.00, 7.00, 6.30, 6.34, 2100
04/07/22, 7.00, 7.00, 7.00, 7.00, 200
04/05/22, 6.90, 6.90, 6.90, 6.90, 300
04/04/22, 6.90, 6.90, 6.90, 6.90, 100
03/31/22, 6.90, 6.90, 6.30, 6.54, 500
03/30/22, 6.90, 6.90, 6.90, 6.90, 1000
03/25/22, 6.34, 6.34, 6.34, 6.34, 100
03/24/22, 6.90, 6.90, 6.90, 6.90, 100
03/22/22, 6.30, 6.90, 6.30, 6.34, 1900
03/21/22, 6.30, 6.30, 6.30, 6.30, 200
03/17/22, 6.30, 6.30, 6.30, 6.30, 500
03/11/22, 6.30, 6.30, 6.30, 6.30, 100
03/08/22, 7.00, 7.00, 7.00, 7.00, 700
03/02/22, 7.10, 7.10, 7.10, 7.10, 100
03/01/22, 6.88, 6.88, 6.88, 6.88, 100
02/28/22, 6.88, 6.88, 6.88, 6.88, 100
02/25/22, 6.70, 7.00, 6.70, 6.88, 500
02/24/22, 6.98, 6.98, 6.98, 6.98, 200
02/23/22, 6.80, 6.80, 6.70, 6.78, 700
02/22/22, 7.00, 7.00, 7.00, 7.00, 100
02/17/22, 7.10, 7.10, 7.10, 7.10, 200
02/16/22, 7.20, 7.20, 7.20, 7.20, 500
02/10/22, 6.70, 6.70, 6.70, 6.70, 4100
02/09/22, 6.70, 6.70, 6.70, 6.70, 200
02/07/22, 6.70, 6.70, 6.70, 6.70, 800
02/03/22, 6.70, 6.70, 6.70, 6.70, 600
02/02/22, 6.70, 6.70, 6.70, 6.70, 3600
01/31/22, 7.30, 7.30, 7.20, 7.30, 1500
01/28/22, 7.30, 7.30, 7.30, 7.30, 200
01/27/22, 7.30, 7.30, 7.30, 7.30, 1900
01/26/22, 7.10, 7.10, 7.10, 7.10, 200
01/25/22, 7.20, 7.20, 7.20, 7.20, 200
01/20/22, 7.20, 7.20, 7.20, 7.20, 100
01/18/22, 7.00, 7.00, 6.50, 6.58, 600
01/14/22, 7.02, 7.02, 6.90, 7.00, 800
01/12/22, 7.00, 7.10, 7.00, 7.02, 12300
01/11/22, 7.20, 7.20, 7.20, 7.20, 3600
01/10/22, 7.00, 7.00, 7.00, 7.00, 1000
01/07/22, 7.00, 7.00, 7.00, 7.00, 100
01/06/22, 7.00, 7.20, 7.00, 7.02, 1000
01/05/22, 7.10, 7.10, 6.50, 6.90, 300
01/03/22, 6.50, 6.50, 6.50, 6.50, 100
12/31/21, 6.66, 6.66, 6.66, 6.66, 100
12/21/21, 6.06, 6.06, 6.06, 6.06, 900
12/16/21, 6.46, 6.46, 6.00, 6.06, 25000
12/15/21, 7.00, 7.00, 6.42, 6.52, 600
12/14/21, 7.00, 7.00, 7.00, 7.00, 100
12/10/21, 7.00, 7.00, 6.42, 6.48, 1100
12/09/21, 7.10, 7.10, 7.00, 7.00, 3100
12/07/21, 7.00, 7.00, 7.00, 7.00, 300
12/06/21, 7.00, 7.00, 7.00, 7.00, 200
12/03/21, 7.00, 7.00, 7.00, 7.00, 1000
12/02/21, 7.02, 7.02, 7.00, 7.00, 22100
12/01/21, 7.00, 7.50, 7.00, 7.04, 1300
11/29/21, 7.00, 7.00, 7.00, 7.00, 100
11/26/21, 7.60, 7.60, 7.60, 7.60, 100
11/24/21, 7.60, 7.60, 7.60, 7.60, 200
11/19/21, 7.20, 7.20, 7.20, 7.20, 300
11/18/21, 7.20, 7.20, 7.20, 7.20, 100
11/17/21, 7.20, 7.20, 7.20, 7.20, 300
11/15/21, 8.00, 8.00, 8.00, 8.00, 300
11/10/21, 8.00, 8.00, 8.00, 8.00, 300
11/08/21, 8.00, 8.00, 8.00, 8.00, 100
11/05/21, 8.00, 8.00, 8.00, 8.00, 100
11/04/21, 8.00, 8.00, 8.00, 8.00, 200
11/03/21, 8.00, 8.00, 8.00, 8.00, 200
11/02/21, 7.90, 8.00, 7.90, 8.00, 26700
11/01/21, 8.10, 8.10, 8.00, 8.10, 3300
10/29/21, 7.80, 7.80, 7.80, 7.80, 1500
10/27/21, 8.00, 8.00, 7.22, 7.80, 400
10/26/21, 8.00, 8.00, 8.00, 8.00, 200
10/25/21, 8.00, 8.00, 8.00, 8.00, 300
10/22/21, 8.00, 8.00, 7.04, 7.62, 1500
10/21/21, 7.82, 7.82, 7.82, 7.82, 400
10/19/21, 8.00, 8.00, 8.00, 8.00, 500
10/18/21, 8.10, 8.10, 8.10, 8.10, 700
10/14/21, 8.10, 8.10, 8.10, 8.10, 100
10/13/21, 8.10, 8.10, 8.10, 8.10, 200
10/12/21, 7.90, 8.50, 7.90, 8.20, 200
10/04/21, 7.90, 7.90, 7.90, 7.90, 8200
10/01/21, 8.20, 8.20, 8.20, 8.20, 100
09/28/21, 8.20, 8.20, 8.20, 8.20, 900
09/24/21, 7.90, 7.90, 7.90, 7.90, 400
09/23/21, 7.60, 7.82, 7.60, 7.66, 3300
09/22/21, 8.40, 8.50, 7.80, 8.26, 1600
09/21/21, 8.40, 8.50, 8.40, 8.44, 600
09/20/21, 8.40, 8.40, 8.40, 8.40, 1000
09/17/21, 8.50, 8.50, 8.40, 8.48, 1300
09/16/21, 9.00, 9.00, 8.50, 8.52, 3700
09/15/21, 9.00, 9.00, 8.50, 8.70, 1000
09/14/21, 8.60, 9.26, 8.50, 8.60, 3900
09/09/21, 8.50, 9.38, 8.50, 8.58, 1000
09/08/21, 8.56, 8.56, 8.50, 8.54, 5400
09/07/21, 9.00, 9.00, 9.00, 9.00, 1100
09/06/21, 9.40, 9.40, 9.00, 9.40, 12700
09/03/21, 8.56, 8.56, 8.56, 8.56, 100
09/02/21, 7.80, 7.80, 7.80, 7.80, 3100
08/30/21, 7.52, 7.52, 7.50, 7.50, 2600
08/26/21, 8.20, 8.20, 8.20, 8.20, 400
08/25/21, 8.20, 8.66, 8.20, 8.28, 2400
08/24/21, 8.66, 8.66, 8.66, 8.66, 100
08/23/21, 8.50, 8.50, 8.50, 8.50, 100
08/17/21, 8.60, 9.00, 8.60, 8.66, 2400
08/10/21, 9.50, 9.50, 8.20, 8.66, 2000
08/06/21, 9.00, 9.00, 9.00, 9.00, 1600
08/05/21, 8.42, 8.42, 8.42, 8.42, 300
08/03/21, 8.50, 9.00, 8.20, 8.42, 2200
08/02/21, 9.00, 9.00, 9.00, 9.00, 200
07/30/21, 8.20, 8.20, 8.20, 8.20, 500
07/29/21, 8.20, 8.20, 8.20, 8.20, 5000
07/28/21, 9.18, 9.20, 8.12, 9.10, 3400
07/26/21, 8.68, 9.54, 8.68, 8.78, 2900
07/23/21, 8.68, 8.68, 8.68, 8.68, 100
07/22/21, 7.90, 7.90, 7.90, 7.90, 500
07/21/21, 7.20, 7.20, 7.20, 7.20, 800
07/19/21, 7.20, 7.20, 7.20, 7.20, 100
07/16/21, 7.30, 7.30, 7.30, 7.30, 100
07/14/21, 7.20, 7.20, 7.20, 7.20, 11400
07/12/21, 7.20, 7.20, 7.20, 7.20, 4800
07/09/21, 7.20, 7.20, 7.20, 7.20, 2400
07/07/21, 7.20, 7.20, 7.20, 7.20, 100
07/06/21, 7.20, 7.20, 7.20, 7.20, 100
07/05/21, 7.20, 7.20, 7.20, 7.20, 100
07/02/21, 8.00, 8.00, 8.00, 8.00, 1900
06/30/21, 8.50, 8.50, 8.50, 8.50, 1500
06/24/21, 8.80, 8.80, 8.50, 8.58, 3400
06/23/21, 8.82, 8.82, 8.82, 8.82, 900
06/11/21, 8.04, 8.04, 8.04, 8.04, 200
06/08/21, 7.32, 7.32, 7.32, 7.32, 100
06/04/21, 8.00, 8.00, 7.80, 7.90, 2000
06/03/21, 8.00, 8.00, 8.00, 8.00, 100
06/02/21, 8.00, 8.00, 8.00, 8.00, 100
05/31/21, 8.00, 8.00, 8.00, 8.00, 1000
05/28/21, 8.00, 8.00, 8.00, 8.00, 100
05/25/21, 8.00, 8.00, 8.00, 8.00, 800
05/20/21, 8.00, 8.00, 8.00, 8.00, 400
05/19/21, 8.50, 8.50, 7.20, 7.86, 200
05/18/21, 8.00, 8.00, 8.00, 8.00, 200
05/12/21, 8.00, 8.00, 8.00, 8.00, 100
05/06/21, 8.00, 8.00, 8.00, 8.00, 300
05/03/21, 8.00, 8.00, 8.00, 8.00, 600
04/29/21, 8.00, 8.00, 7.50, 7.98, 2600
04/28/21, 8.00, 8.00, 8.00, 8.00, 100
04/27/21, 8.00, 8.00, 8.00, 8.00, 200
04/26/21, 8.00, 8.00, 8.00, 8.00, 1200
04/23/21, 8.00, 8.00, 8.00, 8.00, 500
04/22/21, 8.00, 8.00, 8.00, 8.00, 2000
04/21/21, 8.00, 8.00, 8.00, 8.00, 300
04/20/21, 8.00, 8.00, 8.00, 8.00, 200
04/16/21, 8.00, 8.00, 8.00, 8.00, 800
04/15/21, 7.98, 8.00, 7.98, 8.00, 20000
04/14/21, 7.98, 7.98, 7.98, 7.98, 2300
04/13/21, 8.00, 8.00, 8.00, 8.00, 5100
04/12/21, 8.10, 8.10, 8.00, 8.04, 1400
04/09/21, 8.10, 8.10, 8.10, 8.10, 500
04/01/21, 9.00, 9.00, 9.00, 9.00, 100
03/31/21, 8.52, 8.52, 8.52, 8.52, 200
03/29/21, 8.52, 8.52, 8.52, 8.52, 100
03/26/21, 8.52, 8.52, 8.52, 8.52, 1300
03/25/21, 8.26, 8.26, 8.26, 8.26, 400
03/24/21, 8.52, 8.52, 8.52, 8.52, 100
03/22/21, 8.52, 8.52, 8.52, 8.52, 2200
03/19/21, 8.52, 8.52, 8.00, 8.26, 400
03/18/21, 8.00, 8.00, 8.00, 8.00, 500
03/17/21, 8.42, 8.42, 8.42, 8.42, 500
03/16/21, 8.50, 8.50, 7.80, 8.42, 8100
03/15/21, 8.58, 8.58, 8.58, 8.58, 800
03/12/21, 8.00, 8.00, 8.00, 8.00, 3400
03/11/21, 8.58, 8.58, 8.58, 8.58, 1000
03/09/21, 8.60, 8.60, 8.60, 8.60, 400
03/08/21, 8.60, 8.60, 8.60, 8.60, 100
03/05/21, 8.68, 8.68, 8.20, 8.38, 3100
03/04/21, 8.82, 8.82, 8.68, 8.76, 15400
03/03/21, 8.68, 9.00, 8.68, 8.82, 1700
03/02/21, 9.50, 9.50, 8.60, 8.68, 10500
02/26/21, 9.50, 9.50, 9.00, 9.32, 9200
02/25/21, 9.50, 9.50, 9.50, 9.50, 1700
02/19/21, 9.50, 9.50, 9.50, 9.50, 100
02/18/21, 10.00, 10.00, 10.00, 10.00, 5000
02/16/21, 10.00, 10.00, 10.00, 10.00, 1000
02/08/21, 10.00, 10.20, 10.00, 10.20, 5100
02/05/21, 10.20, 10.20, 10.00, 10.00, 2100
02/03/21, 11.00, 11.00, 10.20, 10.30, 4800
01/28/21, 10.50, 10.50, 10.15, 10.20, 1200
01/22/21, 11.25, 11.25, 11.25, 11.25, 1800
01/19/21, 10.25, 10.25, 10.25, 10.25, 100
01/14/21, 10.25, 10.25, 10.25, 10.25, 100
01/13/21, 10.25, 10.25, 10.25, 10.25, 300
01/12/21, 10.25, 10.25, 10.25, 10.25, 1800
01/08/21, 11.85, 11.85, 10.00, 10.25, 4600
01/07/21, 12.10, 12.10, 10.00, 10.80, 3300
12/29/20, 11.00, 11.00, 11.00, 11.00, 300
12/28/20, 11.00, 11.00, 11.00, 11.00, 500
12/23/20, 11.00, 11.00, 11.00, 11.00, 300
12/22/20, 11.00, 11.00, 11.00, 11.00, 5600
12/21/20, 10.25, 10.25, 10.25, 10.25, 2700
12/18/20, 10.00, 11.00, 10.00, 10.25, 1300
12/17/20, 11.55, 11.55, 10.80, 10.85, 2100
12/15/20, 12.00, 12.00, 12.00, 12.00, 100
12/11/20, 11.20, 11.20, 11.20, 11.20, 300
12/09/20, 11.20, 11.20, 11.20, 11.20, 2200
12/08/20, 11.50, 11.50, 11.00, 11.20, 500
12/04/20, 11.00, 12.00, 11.00, 11.55, 1100
12/02/20, 11.80, 11.80, 11.80, 11.80, 1000
12/01/20, 11.00, 11.00, 11.00, 11.00, 1800
11/30/20, 11.95, 11.95, 10.80, 11.00, 1200
11/27/20, 12.00, 12.00, 12.00, 12.00, 300
11/26/20, 12.00, 12.00, 12.00, 12.00, 100
11/25/20, 11.00, 11.00, 11.00, 11.00, 1000
11/24/20, 12.00, 12.00, 12.00, 12.00, 200
11/23/20, 12.00, 12.00, 12.00, 12.00, 3000
11/20/20, 13.00, 13.00, 13.00, 13.00, 400
11/18/20, 14.40, 14.40, 14.40, 14.40, 600
11/17/20, 14.40, 14.40, 14.40, 14.40, 100
11/12/20, 14.40, 14.40, 14.40, 14.40, 100
11/11/20, 15.90, 15.90, 15.90, 15.90, 100
10/08/20, 16.00, 16.00, 16.00, 16.00, 200
10/07/20, 16.00, 16.00, 16.00, 16.00, 100
09/10/20, 14.85, 14.85, 14.85, 14.85, 2000
09/09/20, 14.00, 15.30, 14.00, 14.85, 300
09/04/20, 14.00, 14.00, 14.00, 14.00, 100
08/31/20, 13.85, 13.85, 13.85, 13.85, 800
08/20/20, 13.85, 13.85, 13.85, 13.85, 900
08/18/20, 13.85, 13.85, 13.85, 13.85, 600
08/03/20, 13.85, 13.85, 13.85, 13.85, 200
07/10/20, 13.85, 13.85, 13.85, 13.85, 200
07/09/20, 13.85, 13.85, 13.85, 13.85, 1800
07/06/20, 13.85, 13.85, 13.85, 13.85, 1200
07/03/20, 13.85, 13.85, 13.85, 13.85, 200
06/30/20, 12.60, 12.60, 12.60, 12.60, 1600
06/29/20, 12.60, 12.60, 12.60, 12.60, 1400
06/25/20, 12.65, 12.65, 12.60, 12.60, 1400
06/22/20, 14.00, 14.00, 14.00, 14.00, 400
06/19/20, 14.00, 14.00, 14.00, 14.00, 800
06/11/20, 14.25, 14.25, 14.25, 14.25, 8200
06/10/20, 14.20, 14.25, 14.20, 14.25, 2400
05/28/20, 14.25, 14.25, 14.25, 14.25, 200
05/18/20, 14.25, 14.25, 14.25, 14.25, 200
05/13/20, 14.25, 14.25, 14.25, 14.25, 200
05/08/20, 14.25, 14.25, 14.25, 14.25, 100
05/07/20, 14.20, 14.20, 14.20, 14.20, 100
04/24/20, 14.25, 14.25, 14.25, 14.25, 200
03/26/20, 14.25, 14.25, 14.25, 14.25, 300
03/02/20, 14.25, 14.25, 14.25, 14.25, 100
02/18/20, 14.25, 14.25, 14.25, 14.25, 100
02/14/20, 13.00, 13.00, 13.00, 13.00, 1000
02/13/20, 13.00, 13.00, 12.95, 13.00, 5300
02/10/20, 13.00, 13.00, 13.00, 13.00, 2100
01/28/20, 13.00, 13.00, 13.00, 13.00, 300
01/27/20, 13.00, 13.00, 13.00, 13.00, 700
01/24/20, 13.00, 13.00, 13.00, 13.00, 1200
01/22/20, 13.00, 13.00, 13.00, 13.00, 100
01/14/20, 13.20, 13.20, 13.20, 13.20, 100
01/13/20, 14.50, 14.50, 14.50, 14.50, 200
01/10/20, 14.50, 14.50, 14.50, 14.50, 100
01/09/20, 14.50, 14.50, 14.50, 14.50, 300
01/07/20, 14.50, 14.50, 14.50, 14.50, 100
01/02/20, 14.50, 14.50, 14.50, 14.50, 100
12/30/19, 14.50, 14.50, 14.50, 14.50, 100
12/24/19, 14.50, 14.50, 14.50, 14.50, 300
12/20/19, 14.00, 14.00, 14.00, 14.00, 200
12/18/19, 14.50, 14.50, 14.50, 14.50, 100
12/17/19, 14.00, 14.00, 14.00, 14.00, 100
12/11/19, 14.50, 14.50, 14.50, 14.50, 100
12/09/19, 14.00, 14.00, 14.00, 14.00, 800
12/06/19, 14.50, 14.50, 14.50, 14.50, 500
12/03/19, 14.50, 14.50, 14.50, 14.50, 100
12/02/19, 14.50, 14.50, 14.50, 14.50, 100
11/21/19, 13.25, 14.00, 13.00, 13.25, 800
11/20/19, 14.00, 14.00, 14.00, 14.00, 100
11/19/19, 14.20, 15.05, 13.60, 14.20, 300
11/18/19, 15.05, 15.05, 15.05, 15.05, 100
11/15/19, 13.95, 15.00, 13.50, 13.95, 500
11/14/19, 14.25, 14.25, 14.25, 14.25, 800
11/13/19, 14.25, 14.25, 14.25, 14.25, 200
11/07/19, 14.00, 14.00, 14.00, 14.00, 400
11/06/19, 15.05, 15.05, 15.05, 15.05, 100
10/29/19, 15.05, 15.05, 15.05, 15.05, 2500
10/28/19, 15.05, 15.05, 15.05, 15.05, 100
10/25/19, 16.70, 16.70, 16.70, 16.70, 100
10/18/19, 16.70, 16.70, 16.70, 16.70, 100
10/17/19, 16.70, 16.70, 16.70, 16.70, 200
10/16/19, 16.70, 16.70, 16.70, 16.70, 100
10/11/19, 18.50, 18.50, 18.50, 18.50, 100
10/08/19, 18.50, 18.50, 18.50, 18.50, 200
10/03/19, 18.50, 18.50, 18.50, 18.50, 100
10/02/19, 17.50, 17.50, 17.50, 17.50, 100
09/30/19, 18.50, 18.50, 18.50, 18.50, 100
09/27/19, 17.50, 17.50, 17.50, 17.50, 100
09/26/19, 16.65, 17.00, 16.00, 16.65, 1000
09/18/19, 16.55, 16.55, 16.55, 16.55, 100
09/16/19, 15.50, 15.50, 15.50, 15.50, 200
09/06/19, 14.50, 14.60, 14.50, 14.50, 3700
09/02/19, 14.50, 14.60, 14.50, 14.50, 1200
08/27/19, 14.50, 14.50, 14.50, 14.50, 100
08/19/19, 14.80, 14.80, 14.80, 14.80, 100
08/16/19, 14.40, 14.45, 14.40, 14.40, 200
08/09/19, 14.45, 14.45, 14.45, 14.45, 200
08/07/19, 14.50, 14.50, 14.50, 14.50, 100
08/01/19, 14.80, 14.80, 14.80, 14.80, 100
07/31/19, 14.70, 14.70, 14.70, 14.70, 100
07/19/19, 14.30, 14.30, 14.30, 14.30, 500
07/18/19, 14.05, 14.30, 13.05, 14.05, 600
07/16/19, 13.05, 13.05, 13.05, 13.05, 200
07/12/19, 13.00, 13.05, 13.00, 13.00, 4600
07/04/19, 13.05, 13.05, 13.05, 13.05, 400
07/01/19, 14.50, 14.50, 14.50, 14.50, 1500
06/26/19, 16.00, 16.00, 16.00, 16.00, 100
06/24/19, 16.00, 16.00, 16.00, 16.00, 100
06/18/19, 16.00, 16.00, 16.00, 16.00, 100
06/17/19, 16.00, 16.00, 16.00, 16.00, 100
06/12/19, 16.15, 16.50, 16.00, 16.15, 300
05/31/19, 16.70, 16.70, 16.70, 16.70, 500
05/24/19, 16.80, 16.80, 16.80, 16.80, 2000
05/23/19, 16.80, 16.80, 16.80, 16.80, 100
05/22/19, 16.80, 16.80, 16.80, 16.80, 100
05/14/19, 16.80, 16.80, 16.80, 16.80, 200
05/06/19, 16.80, 16.80, 16.80, 16.80, 100
05/02/19, 16.80, 16.80, 16.80, 16.80, 100
04/30/19, 16.80, 16.80, 16.80, 16.80, 100
04/26/19, 16.80, 16.80, 16.80, 16.80, 100
04/24/19, 16.80, 16.80, 16.80, 16.80, 1000
04/12/19, 18.65, 18.65, 18.65, 18.65, 200
04/09/19, 18.70, 18.70, 18.70, 18.70, 200
04/08/19, 18.70, 18.70, 18.70, 18.70, 100
04/02/19, 18.70, 18.70, 18.70, 18.70, 100
03/26/19, 18.70, 18.70, 18.70, 18.70, 25500
03/21/19, 18.70, 18.70, 18.70, 18.70, 100
03/18/19, 19.00, 19.00, 19.00, 19.00, 100
03/13/19, 19.00, 19.00, 19.00, 19.00, 100
03/12/19, 19.00, 19.00, 19.00, 19.00, 700
03/11/19, 19.90, 19.90, 19.90, 19.90, 100
03/08/19, 19.90, 20.00, 19.00, 19.90, 1100
03/07/19, 19.75, 19.75, 19.75, 19.75, 200
03/06/19, 18.70, 18.70, 18.70, 18.70, 200
03/04/19, 17.00, 17.00, 17.00, 17.00, 100
03/01/19, 16.60, 16.60, 16.60, 16.60, 400
02/27/19, 15.15, 15.50, 15.00, 15.15, 300
02/26/19, 15.50, 15.50, 15.50, 15.50, 100
02/11/19, 15.50, 15.50, 15.50, 15.50, 100
02/08/19, 15.00, 15.00, 15.00, 15.00, 1200
02/07/19, 15.50, 15.50, 15.50, 15.50, 300
02/05/19, 15.50, 15.55, 15.50, 15.50, 400
01/28/19, 15.50, 15.50, 15.50, 15.50, 200
01/23/19, 17.00, 17.00, 17.00, 17.00, 7100
01/22/19, 17.00, 17.00, 17.00, 17.00, 6700
01/21/19, 16.70, 17.00, 16.00, 16.70, 5300
01/17/19, 16.00, 16.00, 16.00, 16.00, 300
01/16/19, 16.00, 16.00, 16.00, 16.00, 300
01/15/19, 16.50, 16.50, 16.50, 16.50, 300
01/14/19, 16.45, 16.45, 16.45, 16.45, 100
01/11/19, 16.45, 16.45, 16.45, 16.45, 500
01/08/19, 16.75, 16.75, 16.75, 16.75, 100
01/04/19, 17.00, 17.00, 17.00, 17.00, 200
01/03/19, 17.00, 17.00, 17.00, 17.00, 500
01/02/19, 16.75, 17.00, 16.00, 16.75, 400
12/21/18, 16.00, 16.00, 16.00, 16.00, 100
12/20/18, 15.00, 15.00, 15.00, 15.00, 1000
12/14/18, 15.00, 15.00, 15.00, 15.00, 300
12/13/18, 15.00, 15.00, 15.00, 15.00, 1000
12/11/18, 15.00, 15.00, 15.00, 15.00, 5000
12/10/18, 15.00, 15.00, 15.00, 15.00, 2700
12/07/18, 15.15, 15.55, 15.10, 15.15, 500
12/06/18, 15.10, 15.10, 15.10, 15.10, 1000
12/05/18, 15.10, 15.10, 15.10, 15.10, 100
12/03/18, 13.75, 13.75, 13.75, 13.75, 100
11/30/18, 13.85, 13.85, 13.85, 13.85, 1100
11/29/18, 12.60, 12.60, 12.60, 12.60, 200
11/28/18, 14.00, 14.00, 14.00, 14.00, 1200
11/26/18, 14.00, 14.05, 14.00, 14.00, 500
11/23/18, 14.05, 15.00, 14.00, 14.05, 1500
11/22/18, 14.00, 14.00, 14.00, 14.00, 11800
11/21/18, 14.00, 14.00, 14.00, 14.00, 1200
11/20/18, 14.00, 14.05, 14.00, 14.00, 1800
11/14/18, 15.55, 15.55, 15.55, 15.55, 200
11/13/18, 17.15, 17.20, 17.15, 17.15, 400
11/07/18, 17.20, 17.20, 17.20, 17.20, 100
11/02/18, 19.10, 19.10, 19.10, 19.10, 100
10/26/18, 19.20, 19.20, 19.20, 19.20, 100
10/16/18, 19.20, 19.20, 19.20, 19.20, 100
10/11/18, 19.20, 19.20, 19.20, 19.20, 100
10/09/18, 20.00, 20.00, 20.00, 20.00, 200
10/08/18, 20.00, 20.00, 20.00, 20.00, 500
10/04/18, 19.20, 19.20, 19.20, 19.20, 100
10/03/18, 19.15, 19.15, 19.15, 19.15, 100
10/02/18, 19.15, 19.15, 19.15, 19.15, 200
09/28/18, 19.20, 19.20, 19.20, 19.20, 100
09/27/18, 19.20, 19.20, 19.20, 19.20, 100
09/26/18, 18.90, 18.90, 18.90, 18.90, 8000
09/25/18, 18.70, 19.00, 18.00, 18.70, 2000
09/24/18, 18.50, 18.50, 18.50, 18.50, 300
09/14/18, 19.00, 19.00, 19.00, 19.00, 100
09/12/18, 19.00, 19.00, 19.00, 19.00, 100
09/11/18, 18.90, 18.95, 18.90, 18.90, 200
09/07/18, 18.00, 18.00, 18.00, 18.00, 300
09/06/18, 19.00, 19.00, 19.00, 19.00, 200
09/05/18, 19.00, 19.00, 19.00, 19.00, 100
09/04/18, 19.00, 19.00, 19.00, 19.00, 200
09/03/18, 19.00, 19.00, 19.00, 19.00, 100
08/29/18, 19.00, 19.00, 19.00, 19.00, 200
08/28/18, 19.00, 19.00, 19.00, 19.00, 25500
08/23/18, 18.90, 19.30, 17.50, 18.90, 500
08/22/18, 17.55, 17.60, 17.50, 17.55, 800
08/16/18, 18.00, 18.00, 18.00, 18.00, 500
08/15/18, 19.05, 19.05, 19.05, 19.05, 200
08/14/18, 19.50, 19.50, 19.50, 19.50, 100
08/13/18, 19.05, 20.25, 19.00, 19.05, 2100
08/09/18, 20.25, 20.25, 20.25, 20.25, 400
08/08/18, 20.25, 20.50, 20.00, 20.25, 2100
08/03/18, 20.50, 20.50, 20.50, 20.50, 100
08/01/18, 20.50, 20.50, 20.50, 20.50, 9800
07/31/18, 20.50, 20.50, 20.50, 20.50, 2500
07/30/18, 19.00, 19.30, 19.00, 19.00, 800
07/23/18, 17.55, 17.55, 17.55, 17.55, 1000
07/19/18, 17.50, 17.50, 17.50, 17.50, 700
07/18/18, 17.50, 17.50, 17.50, 17.50, 400
07/06/18, 17.50, 17.50, 17.50, 17.50, 100
07/05/18, 19.30, 19.30, 19.30, 19.30, 100
07/04/18, 20.50, 20.50, 20.50, 20.50, 100
06/28/18, 19.30, 20.00, 19.00, 19.30, 300
06/26/18, 20.00, 20.00, 20.00, 20.00, 1700
06/25/18, 20.50, 20.50, 20.50, 20.50, 200
06/22/18, 20.00, 20.00, 20.00, 20.00, 1900
06/21/18, 21.75, 22.00, 21.00, 21.75, 400
06/19/18, 21.75, 21.75, 21.75, 21.75, 1500
06/14/18, 21.75, 22.00, 21.75, 21.75, 200
06/13/18, 22.00, 22.25, 22.00, 22.00, 200
06/12/18, 22.00, 22.00, 22.00, 22.00, 90100
06/11/18, 22.00, 22.00, 22.00, 22.00, 100
06/08/18, 24.00, 24.00, 24.00, 24.00, 100
06/07/18, 24.00, 24.00, 24.00, 24.00, 100
06/04/18, 22.00, 22.00, 22.00, 22.00, 200
05/31/18, 22.00, 22.00, 22.00, 22.00, 100
05/30/18, 22.00, 22.00, 22.00, 22.00, 200
05/29/18, 22.00, 22.00, 22.00, 22.00, 300
05/22/18, 22.00, 22.00, 22.00, 22.00, 9700
05/18/18, 24.00, 24.00, 24.00, 24.00, 7400
05/15/18, 22.00, 24.00, 21.75, 22.00, 2600
05/10/18, 24.00, 24.00, 24.00, 24.00, 200
05/09/18, 23.25, 24.00, 23.25, 23.25, 20000
05/02/18, 25.75, 26.00, 25.00, 25.75, 10100
04/30/18, 24.00, 24.00, 24.00, 24.00, 700
04/24/18, 26.00, 26.00, 26.00, 26.00, 500
04/20/18, 24.25, 24.50, 24.00, 24.25, 2400
04/17/18, 24.75, 25.00, 24.50, 24.75, 300
04/16/18, 24.75, 25.00, 24.50, 24.75, 200
04/13/18, 24.50, 25.00, 24.50, 24.50, 2500
04/12/18, 25.00, 25.00, 25.00, 25.00, 100
04/11/18, 25.00, 25.00, 25.00, 25.00, 1400
04/10/18, 25.00, 25.00, 25.00, 25.00, 100
04/05/18, 26.75, 26.75, 26.75, 26.75, 100
04/04/18, 25.00, 25.00, 25.00, 25.00, 1100
03/29/18, 24.50, 24.50, 24.50, 24.50, 100
03/27/18, 25.00, 25.00, 25.00, 25.00, 4300
03/22/18, 26.75, 26.75, 26.75, 26.75, 1200
03/19/18, 26.75, 26.75, 26.75, 26.75, 300
03/16/18, 26.75, 26.75, 26.75, 26.75, 100
03/13/18, 25.50, 25.50, 25.50, 25.50, 100
03/09/18, 25.50, 25.50, 25.50, 25.50, 500
03/08/18, 26.25, 26.75, 26.00, 26.25, 300
03/07/18, 25.50, 25.50, 25.50, 25.50, 500
03/01/18, 24.50, 24.50, 24.50, 24.50, 200
02/28/18, 25.00, 25.00, 25.00, 25.00, 800
02/27/18, 24.75, 24.75, 24.75, 24.75, 2200
02/20/18, 27.00, 28.00, 27.00, 27.00, 1600
02/19/18, 27.25, 27.25, 27.25, 27.25, 100
02/16/18, 27.00, 27.00, 27.00, 27.00, 100
02/14/18, 28.00, 28.00, 28.00, 28.00, 7100
02/12/18, 26.00, 26.00, 26.00, 26.00, 1500
02/09/18, 28.75, 28.75, 28.75, 28.75, 100
02/08/18, 28.75, 28.75, 28.75, 28.75, 900
02/07/18, 26.50, 26.50, 26.50, 26.50, 400
02/05/18, 26.50, 27.00, 26.50, 26.50, 600
02/01/18, 26.50, 26.50, 26.50, 26.50, 2100
01/29/18, 24.25, 24.75, 24.25, 24.25, 4100
01/26/18, 24.25, 24.25, 24.25, 24.25, 215800
01/24/18, 26.25, 26.50, 26.25, 26.25, 300
01/23/18, 26.50, 28.75, 26.25, 26.50, 2800
01/22/18, 28.75, 28.75, 28.75, 28.75, 500
01/15/18, 28.00, 28.75, 27.50, 28.00, 200
01/11/18, 26.25, 26.25, 26.25, 26.25, 600
01/04/18, 29.00, 29.00, 29.00, 29.00, 500
01/03/18, 29.00, 29.00, 29.00, 29.00, 1000
12/29/17, 27.00, 27.00, 27.00, 27.00, 100
12/22/17, 27.00, 27.00, 27.00, 27.00, 100
12/21/17, 24.75, 24.75, 24.75, 24.75, 1000
12/19/17, 27.00, 27.00, 27.00, 27.00, 1400
12/18/17, 30.00, 30.00, 30.00, 30.00, 200
12/08/17, 33.25, 33.50, 33.25, 33.25, 200
12/06/17, 33.25, 33.50, 33.25, 33.25, 3100
12/04/17, 33.00, 33.00, 33.00, 33.00, 300
12/01/17, 33.00, 33.00, 33.00, 33.00, 500
11/27/17, 30.25, 30.25, 30.25, 30.25, 500
11/23/17, 27.50, 27.50, 27.50, 27.50, 1700
11/22/17, 25.00, 25.00, 25.00, 25.00, 700
11/21/17, 25.00, 25.00, 25.00, 25.00, 100
11/17/17, 25.00, 25.00, 25.00, 25.00, 5500
11/10/17, 24.00, 24.00, 24.00, 24.00, 5500
11/09/17, 26.25, 26.25, 26.25, 26.25, 1800
11/06/17, 24.00, 24.50, 23.00, 24.00, 600
11/02/17, 24.50, 24.50, 24.50, 24.50, 400
11/01/17, 23.75, 24.50, 22.50, 23.75, 900
10/10/17, 24.50, 26.00, 24.00, 24.50, 300
10/09/17, 26.00, 26.00, 26.00, 26.00, 1000
09/28/17, 26.00, 26.00, 26.00, 26.00, 200
09/27/17, 28.75, 29.00, 27.00, 28.75, 1100
09/26/17, 29.25, 29.25, 29.25, 29.25, 1000
09/20/17, 29.25, 29.25, 29.25, 29.25, 100
09/15/17, 26.75, 27.00, 26.00, 26.75, 4100
09/14/17, 28.00, 29.00, 27.00, 28.00, 200
09/08/17, 27.00, 27.00, 27.00, 27.00, 200
09/07/17, 26.00, 26.00, 26.00, 26.00, 1700
09/06/17, 26.00, 26.00, 26.00, 26.00, 100
09/05/17, 26.00, 26.00, 26.00, 26.00, 1000
09/04/17, 26.00, 26.00, 26.00, 26.00, 200
08/31/17, 26.25, 26.50, 26.00, 26.25, 3500
08/30/17, 27.00, 27.00, 27.00, 27.00, 1000
08/29/17, 28.00, 28.00, 28.00, 28.00, 1500
08/25/17, 31.00, 31.00, 31.00, 31.00, 500
08/23/17, 32.25, 33.00, 31.50, 32.25, 600
08/22/17, 33.00, 33.00, 33.00, 33.00, 1000
08/18/17, 33.00, 33.00, 33.00, 33.00, 100
08/16/17, 31.00, 31.00, 31.00, 31.00, 100
08/15/17, 31.00, 31.00, 31.00, 31.00, 100
08/14/17, 31.00, 31.00, 31.00, 31.00, 100
08/11/17, 31.00, 31.00, 31.00, 31.00, 3000
08/03/17, 31.00, 31.00, 31.00, 31.00, 100
08/02/17, 31.00, 31.00, 31.00, 31.00, 200
08/01/17, 32.00, 32.00, 32.00, 32.00, 200
07/31/17, 32.00, 32.00, 32.00, 32.00, 100
07/24/17, 32.00, 32.00, 32.00, 32.00, 2300
07/20/17, 32.00, 32.00, 32.00, 32.00, 1000
07/19/17, 32.00, 32.00, 32.00, 32.00, 300
07/17/17, 32.00, 32.00, 32.00, 32.00, 100
07/13/17, 32.50, 35.00, 31.50, 32.50, 300
07/10/17, 35.00, 35.00, 35.00, 35.00, 200
07/06/17, 33.50, 33.50, 33.50, 33.50, 100
07/05/17, 30.75, 30.75, 30.75, 30.75, 1000
06/27/17, 30.75, 30.75, 30.75, 30.75, 100
06/23/17, 30.75, 30.75, 30.75, 30.75, 200
06/22/17, 29.00, 30.75, 28.00, 29.00, 600
06/19/17, 28.00, 28.00, 28.00, 28.00, 2000
06/16/17, 28.00, 28.00, 28.00, 28.00, 200
06/15/17, 28.00, 30.50, 28.00, 28.00, 17900
06/13/17, 28.00, 28.00, 28.00, 28.00, 400
06/08/17, 28.00, 28.00, 28.00, 28.00, 100
06/07/17, 27.75, 27.75, 27.75, 27.75, 20100
06/06/17, 27.75, 27.75, 27.75, 27.75, 100
05/30/17, 25.25, 25.25, 25.25, 25.25, 100
05/24/17, 23.50, 23.50, 23.50, 23.50, 1200
05/19/17, 23.50, 23.50, 23.50, 23.50, 900
05/18/17, 23.50, 23.50, 23.50, 23.50, 100
05/16/17, 23.00, 23.00, 23.00, 23.00, 100
05/15/17, 23.50, 23.50, 23.50, 23.50, 700
05/12/17, 23.50, 23.50, 23.50, 23.50, 300
05/10/17, 23.50, 23.50, 23.50, 23.50, 500
05/09/17, 23.50, 23.50, 23.50, 23.50, 600
05/08/17, 23.50, 23.50, 23.50, 23.50, 300
05/04/17, 23.00, 23.00, 23.00, 23.00, 1400
05/03/17, 23.50, 23.50, 23.50, 23.50, 300
05/02/17, 23.50, 23.50, 23.50, 23.50, 200
04/27/17, 23.50, 23.50, 23.50, 23.50, 1000
04/20/17, 23.00, 23.00, 23.00, 23.00, 300
04/18/17, 21.00, 21.00, 21.00, 21.00, 1000
04/12/17, 21.25, 22.00, 20.00, 21.25, 1600
04/11/17, 22.00, 22.00, 22.00, 22.00, 1100
04/06/17, 22.00, 22.00, 22.00, 22.00, 700
04/05/17, 24.00, 24.00, 24.00, 24.00, 600
04/04/17, 24.00, 24.00, 24.00, 24.00, 700
04/03/17, 24.00, 24.25, 24.00, 24.00, 400
03/31/17, 24.50, 25.75, 24.00, 24.50, 700
03/30/17, 26.50, 26.50, 26.50, 26.50, 100
03/29/17, 29.00, 29.00, 29.00, 29.00, 100
03/27/17, 29.00, 29.00, 29.00, 29.00, 100
03/21/17, 29.00, 29.00, 29.00, 29.00, 100
03/20/17, 28.75, 29.00, 26.25, 28.75, 3200
03/14/17, 29.00, 29.00, 29.00, 29.00, 400
03/01/17, 27.00, 27.00, 27.00, 27.00, 100
02/28/17, 30.00, 30.00, 30.00, 30.00, 100
02/17/17, 30.00, 30.00, 30.00, 30.00, 400
02/16/17, 28.25, 28.25, 28.25, 28.25, 1000
02/14/17, 28.50, 28.50, 28.50, 28.50, 1200
02/10/17, 30.00, 31.00, 30.00, 30.00, 3200
02/09/17, 29.25, 30.00, 28.75, 29.25, 1000
02/08/17, 28.75, 30.00, 28.50, 28.75, 500
02/07/17, 28.00, 28.00, 28.00, 28.00, 900
02/02/17, 28.25, 28.50, 28.00, 28.25, 1800
02/01/17, 28.00, 28.00, 28.00, 28.00, 4500
01/25/17, 28.50, 28.75, 28.50, 28.50, 600
01/23/17, 28.50, 28.50, 28.50, 28.50, 800
01/20/17, 26.00, 26.00, 26.00, 26.00, 200
01/19/17, 26.00, 26.00, 26.00, 26.00, 600
01/18/17, 23.75, 25.75, 23.50, 23.75, 2100
01/17/17, 23.50, 23.50, 23.50, 23.50, 200
01/13/17, 23.50, 24.00, 23.50, 23.50, 700
01/11/17, 24.00, 24.00, 24.00, 24.00, 100
01/10/17, 23.25, 23.50, 23.25, 23.25, 300
01/09/17, 23.00, 23.00, 23.00, 23.00, 6400
01/06/17, 22.00, 22.00, 22.00, 22.00, 1400
01/04/17, 23.50, 23.50, 23.50, 23.50, 100
12/28/16, 23.50, 23.50, 23.50, 23.50, 100
12/23/16, 23.50, 23.50, 23.50, 23.50, 1800
12/22/16, 23.50, 23.50, 23.50, 23.50, 200
12/21/16, 23.75, 24.00, 22.75, 23.75, 600
12/14/16, 22.00, 22.00, 22.00, 22.00, 400
12/13/16, 22.50, 24.00, 22.00, 22.50, 300
12/09/16, 24.00, 24.00, 24.00, 24.00, 300
12/07/16, 24.00, 24.00, 24.00, 24.00, 100
12/06/16, 24.00, 24.00, 24.00, 24.00, 600
11/30/16, 22.00, 22.00, 22.00, 22.00, 400
11/22/16, 20.00, 21.00, 20.00, 20.00, 2700
11/21/16, 21.00, 21.00, 21.00, 21.00, 100
11/18/16, 23.00, 23.00, 23.00, 23.00, 100
11/17/16, 22.25, 22.50, 22.25, 22.25, 1500
11/16/16, 22.25, 22.25, 22.25, 22.25, 600
11/15/16, 24.50, 25.00, 24.50, 24.50, 5100
11/14/16, 25.25, 26.50, 24.75, 25.25, 1900
11/11/16, 27.00, 29.50, 26.75, 27.00, 2000
11/10/16, 27.00, 27.00, 27.00, 27.00, 100
11/09/16, 26.00, 27.00, 25.25, 26.00, 200
11/04/16, 24.75, 24.75, 24.75, 24.75, 200
11/03/16, 24.75, 24.75, 24.75, 24.75, 400
10/31/16, 24.50, 24.50, 24.50, 24.50, 1000
10/28/16, 27.00, 27.00, 27.00, 27.00, 300
10/25/16, 25.25, 25.25, 25.25, 25.25, 8100
10/24/16, 28.00, 28.00, 28.00, 28.00, 500
10/21/16, 26.75, 28.00, 25.75, 26.75, 2900
10/18/16, 28.50, 28.50, 28.50, 28.50, 200
10/17/16, 28.00, 28.00, 28.00, 28.00, 100
10/14/16, 30.00, 30.00, 30.00, 30.00, 200
10/13/16, 28.00, 28.00, 28.00, 28.00, 1000
10/12/16, 25.50, 25.50, 25.50, 25.50, 100
10/10/16, 23.25, 23.25, 23.25, 23.25, 100
10/06/16, 23.25, 24.50, 23.00, 23.25, 499700
10/03/16, 23.00, 23.00, 23.00, 23.00, 200
09/30/16, 21.00, 21.00, 21.00, 21.00, 4000
09/29/16, 21.75, 22.75, 21.00, 21.75, 200
09/28/16, 22.75, 24.50, 22.75, 22.75, 1100
09/27/16, 22.75, 22.75, 22.75, 22.75, 800
09/22/16, 20.75, 21.00, 20.25, 20.75, 1300
09/16/16, 20.25, 23.00, 20.25, 20.25, 9600
09/15/16, 22.50, 22.50, 22.50, 22.50, 23700
09/14/16, 20.75, 23.00, 20.75, 20.75, 3400
09/13/16, 23.00, 24.00, 23.00, 23.00, 1100
09/06/16, 23.00, 25.00, 22.50, 23.00, 1500
09/05/16, 25.00, 26.00, 24.75, 25.00, 1000
09/02/16, 27.50, 27.50, 27.50, 27.50, 1000
08/30/16, 27.50, 27.50, 27.50, 27.50, 1000
08/26/16, 25.00, 27.25, 24.75, 25.00, 3100
08/25/16, 27.25, 30.00, 27.25, 27.25, 3200
08/24/16, 30.25, 30.25, 30.25, 30.25, 200
08/23/16, 27.50, 29.00, 27.50, 27.50, 6400
08/22/16, 30.50, 30.50, 30.50, 30.50, 2000
08/18/16, 29.00, 29.00, 29.00, 29.00, 2700
08/12/16, 29.00, 29.00, 29.00, 29.00, 300
08/11/16, 29.50, 29.50, 29.50, 29.50, 200
08/10/16, 28.75, 29.00, 28.50, 28.75, 10400
08/09/16, 30.00, 31.00, 30.00, 30.00, 3200
08/08/16, 30.00, 30.00, 30.00, 30.00, 45000
08/04/16, 30.00, 30.00, 30.00, 30.00, 100
08/02/16, 29.00, 31.00, 29.00, 29.00, 10400
08/01/16, 31.00, 31.00, 31.00, 31.00, 400
07/29/16, 32.50, 32.50, 32.50, 32.50, 1600
07/28/16, 30.50, 30.50, 30.50, 30.50, 200
07/27/16, 28.25, 30.75, 27.75, 28.25, 2700
07/26/16, 30.75, 32.00, 29.75, 30.75, 200
07/25/16, 33.00, 33.00, 33.00, 33.00, 100
07/21/16, 31.00, 31.00, 31.00, 31.00, 1000
07/14/16, 31.00, 31.00, 31.00, 31.00, 100
07/13/16, 30.50, 30.50, 30.50, 30.50, 400
07/12/16, 30.50, 30.50, 30.50, 30.50, 2700
07/08/16, 33.50, 33.50, 33.50, 33.50, 500
07/06/16, 34.50, 34.50, 34.50, 34.50, 1500
07/04/16, 34.25, 35.00, 33.50, 34.25, 500
07/01/16, 35.00, 35.00, 35.00, 35.00, 300
06/30/16, 35.75, 36.00, 35.75, 35.75, 700
06/29/16, 36.00, 36.00, 36.00, 36.00, 2800
06/28/16, 36.00, 36.00, 36.00, 36.00, 200
06/24/16, 34.00, 34.00, 34.00, 34.00, 400
06/22/16, 34.00, 34.00, 34.00, 34.00, 100
06/21/16, 35.00, 35.00, 35.00, 35.00, 200
06/20/16, 35.25, 35.25, 35.25, 35.25, 300
06/08/16, 35.50, 36.00, 33.00, 35.50, 1300
06/07/16, 33.00, 33.00, 33.00, 33.00, 700
06/03/16, 35.00, 35.00, 35.00, 35.00, 3700
06/02/16, 36.00, 36.00, 36.00, 36.00, 1000
05/31/16, 36.00, 36.00, 36.00, 36.00, 100
05/26/16, 35.00, 35.50, 35.00, 35.00, 12000
05/24/16, 35.00, 35.00, 35.00, 35.00, 300
05/23/16, 36.00, 38.00, 35.00, 36.00, 3200
05/20/16, 36.00, 36.00, 36.00, 36.00, 400
05/19/16, 38.00, 38.00, 38.00, 38.00, 4100
05/18/16, 37.75, 38.00, 37.75, 37.75, 3300
05/12/16, 38.00, 38.00, 38.00, 38.00, 100
05/11/16, 38.00, 38.00, 38.00, 38.00, 300
05/10/16, 38.00, 38.00, 38.00, 38.00, 500
05/09/16, 38.50, 38.50, 38.50, 38.50, 2400
05/06/16, 38.50, 38.50, 38.50, 38.50, 1000
04/29/16, 39.00, 39.00, 39.00, 39.00, 7700
04/25/16, 40.00, 40.00, 40.00, 40.00, 100
04/22/16, 40.00, 40.00, 40.00, 40.00, 1500
04/21/16, 39.75, 40.00, 39.50, 39.75, 4100
04/19/16, 43.00, 43.00, 43.00, 43.00, 500
04/15/16, 42.25, 42.50, 42.25, 42.25, 400
04/14/16, 44.50, 44.50, 44.50, 44.50, 1000
04/13/16, 45.00, 45.00, 45.00, 45.00, 1600
04/07/16, 45.00, 45.00, 45.00, 45.00, 400
04/04/16, 45.00, 45.00, 45.00, 45.00, 500
03/31/16, 45.00, 45.00, 45.00, 45.00, 100
03/30/16, 45.00, 45.00, 45.00, 45.00, 600
03/29/16, 45.00, 45.00, 45.00, 45.00, 100
03/22/16, 45.00, 45.00, 45.00, 45.00, 500
03/21/16, 45.00, 45.00, 45.00, 45.00, 2500
03/17/16, 45.50, 45.50, 45.50, 45.50, 200
03/16/16, 41.50, 41.75, 41.50, 41.50, 500
03/15/16, 42.00, 42.00, 42.00, 42.00, 1000
03/14/16, 42.00, 42.00, 42.00, 42.00, 1000
03/10/16, 42.00, 42.00, 42.00, 42.00, 500
03/08/16, 43.00, 43.50, 43.00, 43.00, 1900
03/07/16, 43.50, 43.50, 43.50, 43.50, 100
03/03/16, 43.50, 43.50, 43.50, 43.50, 100
03/02/16, 43.50, 43.50, 43.50, 43.50, 2100
02/26/16, 47.75, 49.00, 47.50, 47.75, 1100
02/24/16, 52.50, 52.50, 52.50, 52.50, 400
02/23/16, 52.50, 56.00, 50.00, 52.50, 1800
02/18/16, 53.00, 53.00, 53.00, 53.00, 100
02/17/16, 53.00, 53.00, 53.00, 53.00, 3600
02/16/16, 50.00, 50.00, 50.00, 50.00, 7600
02/15/16, 53.00, 53.00, 53.00, 53.00, 100
02/12/16, 50.00, 50.00, 50.00, 50.00, 2000
02/10/16, 53.00, 53.00, 53.00, 53.00, 200
02/09/16, 54.50, 54.50, 54.50, 54.50, 100
02/08/16, 54.50, 54.50, 54.50, 54.50, 100
02/05/16, 53.50, 54.50, 53.00, 53.50, 200
02/04/16, 53.00, 53.00, 53.00, 53.00, 7700
02/03/16, 53.00, 53.00, 53.00, 53.00, 1800
02/01/16, 50.00, 50.00, 50.00, 50.00, 300
01/28/16, 50.00, 50.00, 50.00, 50.00, 1000
01/27/16, 50.00, 50.00, 50.00, 50.00, 6600
01/26/16, 50.00, 50.00, 50.00, 50.00, 2000
01/25/16, 50.00, 50.00, 50.00, 50.00, 5100
01/21/16, 47.75, 48.00, 47.25, 47.75, 900
01/19/16, 47.25, 47.25, 47.25, 47.25, 900
01/18/16, 47.25, 47.25, 47.25, 47.25, 600
01/15/16, 43.00, 43.00, 43.00, 43.00, 100
01/14/16, 41.00, 41.00, 41.00, 41.00, 600
01/13/16, 45.00, 45.00, 45.00, 45.00, 100
01/12/16, 50.00, 50.00, 50.00, 50.00, 200
01/08/16, 50.00, 50.00, 50.00, 50.00, 5300
01/07/16, 48.25, 50.00, 48.00, 48.25, 6000
01/05/16, 46.00, 46.00, 46.00, 46.00, 100
01/04/16, 46.00, 46.00, 46.00, 46.00, 100
12/23/15, 46.75, 47.00, 45.50, 46.75, 12600
12/22/15, 47.00, 47.00, 47.00, 47.00, 200
12/16/15, 46.00, 47.00, 46.00, 46.00, 15700
12/15/15, 48.25, 48.50, 47.00, 48.25, 40400
12/14/15, 48.00, 49.00, 47.00, 48.00, 200
12/11/15, 49.75, 50.00, 45.00, 49.75, 4300
12/08/15, 47.00, 47.00, 47.00, 47.00, 100
12/03/15, 50.00, 50.00, 50.00, 50.00, 100
12/02/15, 50.00, 50.00, 50.00, 50.00, 300
11/30/15, 45.50, 45.50, 45.50, 45.50, 500
11/27/15, 41.50, 44.00, 40.00, 41.50, 1300
11/24/15, 40.00, 40.00, 40.00, 40.00, 600
11/20/15, 38.25, 38.50, 38.25, 38.25, 15000
11/19/15, 41.00, 41.00, 41.00, 41.00, 3200
11/18/15, 41.25, 41.50, 41.00, 41.25, 600
11/16/15, 41.00, 41.25, 41.00, 41.00, 5200
11/13/15, 43.50, 46.00, 43.00, 43.50, 6300
11/12/15, 43.00, 43.00, 43.00, 43.00, 600
11/10/15, 45.00, 45.00, 45.00, 45.00, 5700
11/09/15, 45.00, 45.00, 45.00, 45.00, 1500
11/06/15, 46.00, 49.00, 45.00, 46.00, 400
11/05/15, 46.00, 49.00, 45.00, 46.00, 12500
11/04/15, 45.00, 45.00, 45.00, 45.00, 300
11/03/15, 45.00, 45.00, 45.00, 45.00, 1500
11/02/15, 45.00, 45.00, 45.00, 45.00, 100
10/30/15, 45.00, 45.00, 45.00, 45.00, 900
10/29/15, 45.00, 45.00, 45.00, 45.00, 100
10/22/15, 45.00, 45.00, 45.00, 45.00, 800
10/19/15, 49.00, 50.00, 45.00, 49.00, 1200
10/16/15, 50.00, 50.00, 50.00, 50.00, 100
10/15/15, 50.00, 50.50, 50.00, 50.00, 500
10/14/15, 50.00, 50.00, 50.00, 50.00, 200
10/12/15, 50.00, 50.00, 50.00, 50.00, 100
10/09/15, 48.75, 50.00, 48.00, 48.75, 800
10/08/15, 50.00, 50.00, 50.00, 50.00, 200
10/07/15, 50.00, 50.50, 50.00, 50.00, 600
09/30/15, 50.00, 50.50, 50.00, 50.00, 3500
09/29/15, 50.00, 53.00, 50.00, 50.00, 6600
09/23/15, 53.00, 53.50, 50.50, 53.00, 600
09/21/15, 55.00, 55.00, 55.00, 55.00, 300
09/18/15, 50.00, 51.00, 50.00, 50.00, 4000
09/16/15, 50.00, 50.00, 50.00, 50.00, 100
09/15/15, 53.00, 53.00, 53.00, 53.00, 25200
09/11/15, 55.00, 55.00, 55.00, 55.00, 100
09/08/15, 53.50, 54.00, 52.00, 53.50, 3800
09/07/15, 54.00, 54.00, 54.00, 54.00, 900
09/04/15, 53.50, 53.50, 53.50, 53.50, 1500
09/01/15, 54.00, 54.00, 54.00, 54.00, 100
08/31/15, 50.00, 50.00, 50.00, 50.00, 3900
08/28/15, 54.00, 54.00, 54.00, 54.00, 500
08/27/15, 53.50, 53.50, 53.50, 53.50, 700
08/26/15, 54.50, 55.00, 53.50, 54.50, 5000
08/25/15, 55.00, 56.50, 55.00, 55.00, 1500
08/21/15, 57.00, 57.00, 57.00, 57.00, 400
08/20/15, 55.00, 55.00, 55.00, 55.00, 500
08/18/15, 59.00, 59.00, 59.00, 59.00, 100
08/14/15, 54.00, 54.50, 54.00, 54.00, 1400
08/13/15, 60.00, 60.00, 60.00, 60.00, 200
08/11/15, 60.00, 60.00, 60.00, 60.00, 400
08/06/15, 59.00, 59.00, 59.00, 59.00, 100
08/05/15, 58.00, 59.00, 57.00, 58.00, 3300
08/04/15, 54.00, 54.00, 54.00, 54.00, 1000
07/30/15, 54.00, 54.00, 54.00, 54.00, 800
07/28/15, 54.00, 54.00, 54.00, 54.00, 200
07/27/15, 54.50, 56.00, 53.00, 54.50, 3000
07/23/15, 56.00, 56.50, 56.00, 56.00, 400
07/22/15, 55.00, 55.00, 55.00, 55.00, 1000
07/21/15, 61.00, 64.50, 61.00, 61.00, 2000
07/20/15, 59.00, 59.00, 59.00, 59.00, 100
07/17/15, 61.00, 61.00, 61.00, 61.00, 2000
07/14/15, 61.00, 64.00, 60.00, 61.00, 800
07/13/15, 60.00, 65.00, 60.00, 60.00, 1900
07/10/15, 65.00, 65.00, 65.00, 65.00, 6100
07/09/15, 59.50, 60.00, 58.00, 59.50, 24000
07/08/15, 59.00, 62.00, 57.00, 59.00, 3100
07/07/15, 57.50, 59.00, 57.00, 57.50, 500
07/06/15, 57.00, 57.00, 57.00, 57.00, 4300
07/03/15, 56.00, 56.00, 56.00, 56.00, 400
07/02/15, 57.00, 57.50, 57.00, 57.00, 1300
06/30/15, 57.50, 59.00, 56.00, 57.50, 200
06/25/15, 56.00, 56.00, 56.00, 56.00, 600
06/22/15, 53.50, 56.00, 52.50, 53.50, 300
06/19/15, 56.00, 56.00, 56.00, 56.00, 100
06/18/15, 54.00, 55.00, 54.00, 54.00, 600
06/17/15, 54.00, 55.50, 53.00, 54.00, 200
06/16/15, 56.00, 57.00, 55.00, 56.00, 400
06/09/15, 57.00, 57.00, 57.00, 57.00, 500
06/08/15, 57.00, 57.00, 57.00, 57.00, 500
05/28/15, 59.00, 59.00, 59.00, 59.00, 400
05/27/15, 57.00, 57.00, 57.00, 57.00, 1000
05/25/15, 59.00, 59.00, 59.00, 59.00, 500
05/21/15, 59.00, 59.00, 59.00, 59.00, 100
05/14/15, 59.00, 59.00, 59.00, 59.00, 300
05/13/15, 54.00, 54.00, 54.00, 54.00, 3200
05/12/15, 54.00, 54.00, 54.00, 54.00, 100
05/08/15, 54.00, 54.00, 54.00, 54.00, 200
05/07/15, 53.00, 53.00, 53.00, 53.00, 500
05/06/15, 54.00, 55.00, 54.00, 54.00, 300
05/05/15, 55.00, 55.00, 55.00, 55.00, 1000
04/30/15, 55.00, 55.00, 55.00, 55.00, 600
04/28/15, 54.50, 55.00, 54.50, 54.50, 2900
04/27/15, 55.00, 55.50, 55.00, 55.00, 1400
04/24/15, 55.00, 55.00, 55.00, 55.00, 500
04/23/15, 56.00, 56.00, 56.00, 56.00, 200
04/22/15, 54.50, 59.50, 54.00, 54.50, 1100
04/21/15, 59.50, 59.50, 59.50, 59.50, 100
04/17/15, 59.00, 59.00, 59.00, 59.00, 800
04/15/15, 59.50, 59.50, 59.50, 59.50, 500
04/14/15, 54.50, 55.00, 54.50, 54.50, 1000
04/13/15, 59.50, 60.00, 59.50, 59.50, 200
04/08/15, 59.50, 64.50, 58.50, 59.50, 500
04/07/15, 59.00, 60.00, 59.00, 59.00, 1400
03/30/15, 59.00, 59.00, 59.00, 59.00, 900
03/27/15, 57.00, 59.00, 56.00, 57.00, 700
03/26/15, 59.00, 59.00, 59.00, 59.00, 300
03/25/15, 55.50, 56.00, 55.50, 55.50, 4100
03/24/15, 54.00, 59.00, 53.50, 54.00, 3600
03/23/15, 54.50, 59.00, 54.00, 54.50, 4500
03/20/15, 57.50, 59.50, 54.00, 57.50, 2000
03/19/15, 58.00, 60.00, 58.00, 58.00, 3600
03/18/15, 60.00, 60.00, 60.00, 60.00, 400
03/17/15, 66.00, 66.00, 66.00, 66.00, 100
03/16/15, 60.00, 60.00, 60.00, 60.00, 200
03/13/15, 60.00, 60.50, 60.00, 60.00, 3300
03/11/15, 60.00, 60.00, 60.00, 60.00, 200
03/10/15, 59.00, 60.00, 58.00, 59.00, 300
03/09/15, 58.00, 58.00, 58.00, 58.00, 300
03/06/15, 60.00, 60.00, 60.00, 60.00, 18300
03/05/15, 60.00, 61.00, 60.00, 60.00, 2900
03/02/15, 60.00, 60.00, 60.00, 60.00, 600
02/26/15, 65.00, 66.00, 60.00, 65.00, 2300
02/25/15, 66.00, 66.00, 66.00, 66.00, 300
02/24/15, 66.00, 66.00, 66.00, 66.00, 1000
02/23/15, 66.00, 68.00, 65.00, 66.00, 32200
02/19/15, 66.00, 66.00, 66.00, 66.00, 100
02/17/15, 66.00, 70.00, 65.00, 66.00, 1200
02/16/15, 70.00, 70.00, 70.00, 70.00, 2700
02/13/15, 70.00, 70.00, 70.00, 70.00, 4000
02/12/15, 64.50, 66.00, 64.00, 64.50, 700
02/11/15, 66.00, 66.00, 66.00, 66.00, 2800
02/10/15, 62.50, 65.50, 60.00, 62.50, 1200
02/09/15, 65.50, 66.00, 61.00, 65.50, 4600
02/02/15, 60.00, 61.00, 60.00, 60.00, 2300
01/30/15, 65.00, 65.00, 65.00, 65.00, 3000
01/29/15, 65.00, 65.00, 65.00, 65.00, 400
01/28/15, 60.00, 65.00, 60.00, 60.00, 6000
01/27/15, 60.00, 60.00, 60.00, 60.00, 1000
01/26/15, 60.00, 60.00, 60.00, 60.00, 2100
01/23/15, 60.00, 60.00, 60.00, 60.00, 100
01/22/15, 55.00, 57.00, 55.00, 55.00, 1000
01/21/15, 55.50, 55.50, 55.50, 55.50, 1900
01/20/15, 57.50, 60.00, 56.00, 57.50, 1700
01/19/15, 60.00, 60.00, 60.00, 60.00, 1000
01/16/15, 60.50, 61.00, 60.00, 60.50, 300
01/15/15, 55.50, 55.50, 55.50, 55.50, 1600
01/13/15, 55.00, 55.00, 55.00, 55.00, 700
01/12/15, 51.00, 53.00, 51.00, 51.00, 1000
01/09/15, 55.00, 58.00, 51.00, 55.00, 1500
01/08/15, 56.50, 58.00, 53.00, 56.50, 1900
01/07/15, 58.00, 58.00, 58.00, 58.00, 600
01/06/15, 58.00, 58.00, 58.00, 58.00, 400
01/05/15, 58.00, 58.00, 58.00, 58.00, 1100
01/02/15, 58.00, 58.00, 58.00, 58.00, 2900